﻿<table directory="assets">
	<!--New CGs-->
	<dds path="core/textures/cg_rvsb"/>
	
	<scene path="core/environments/skies/sky_danger_moonlight/sky_danger_moonlight" load="true" />
	<material_config path="core/environments/skies/sky_danger_moonlight/sky_danger_moonlight" load="true" />
	<model path="core/environments/skies/sky_danger_moonlight/sky_danger_moonlight" load="true" />	
	<texture path="core/environments/skies/sky_danger_moonlight/danger_moon_df" />
	<texture path="core/environments/skies/sky_danger_moonlight/sky_danger_moonlight_df" />
	
	<texture path="environments/sunset_hell_global_cubemap/cubemap" load="true"/>
	
	<!--Base Game Asset Replacements-->
	<object path="units/payday2/weapons/wpn_npc_smg_mp9/wpn_npc_smg_mp9" force="true"/>
	<material_config path="units/pd2_dlc_friend/nature/terrain/sfm_backdrop" force="true"/>
	<texture path="units/payday2/characters/shared_textures/spook_il" force="true"/>
	<texture path="effects/particles/weapons/flashlight/e_flare_01" force="true"/>
	<texture path="effects/particles/weapons/flashlight/e_gradient_radial2" force="true"/>
	<texture path="units/menu/menu_scene/menu_cylinder_logo" force="true" />
	<texture path="guis/textures/game_small_logo" force="true"/>
	<texture path="guis/textures/menu_title_screen" force="true"/>
	
	<!--head hitbox sizes for ninjas and other enemy types-->
	<object path="units/payday2/characters/ene_fbi_1/ene_fbi_1" force="true"/>
	<object path="units/payday2/characters/ene_fbi_2/ene_fbi_2" force="true"/>
	<object path="units/payday2/characters/ene_fbi_3/ene_fbi_3" force="true"/>
	<object path="units/pd2_dlc_hvh/characters/ene_fbi_hvh_1/ene_fbi_hvh_1" force="true"/>
	<object path="units/pd2_dlc_hvh/characters/ene_fbi_hvh_2/ene_fbi_hvh_2" force="true"/>
	<object path="units/pd2_dlc_hvh/characters/ene_fbi_hvh_3/ene_fbi_hvh_3" force="true"/>
	
	<object path="units/payday2/characters/ene_fbi_boss_1/ene_fbi_boss_1" force="true"/>
	
	<object path="units/payday2/characters/ene_fbi_female_1/ene_fbi_female_1" force="true"/>
	<object path="units/payday2/characters/ene_fbi_female_2/ene_fbi_female_2" force="true"/>
	<object path="units/payday2/characters/ene_fbi_female_2/ene_fbi_female_2" force="true"/>
	<object path="units/payday2/characters/ene_fbi_female_4/ene_fbi_female_4" force="true"/>
	
	<object path="units/payday2/characters/ene_fbi_office_1/ene_fbi_office_1" force="true"/>
	<object path="units/payday2/characters/ene_fbi_office_2/ene_fbi_office_2" force="true"/>
	<object path="units/payday2/characters/ene_fbi_office_2/ene_fbi_office_2" force="true"/>
	<object path="units/payday2/characters/ene_fbi_office_4/ene_fbi_office_4" force="true"/>
	
	<!-- HH SWAT TIER REWORK-->
	<material_config path="units/payday2/characters/ene_swat_1/ene_swat_1" force="true"/>
	<material_config path="units/payday2/characters/ene_swat_1/ene_swat_1_contour" force="true"/>
	<material_config path="units/payday2/characters/ene_swat_2/ene_swat_2" force="true"/>
	<material_config path="units/payday2/characters/ene_swat_2/ene_swat_2_contour" force="true"/>
	<material_config path="units/payday2/characters/ene_swat_heavy_1/ene_swat_heavy_1" force="true"/>
	<material_config path="units/payday2/characters/ene_swat_heavy_1/ene_swat_heavy_1_contour" force="true"/>
	<texture path="units/payday2/characters/shared_textures/swat_body_df" force="true"/>
	<texture path="units/payday2/characters/shared_textures/heads_heavy_df"/>
	<texture path="units/payday2/characters/shared_textures/heads_swat_df"/>
	<texture path="units/payday2/characters/shared_textures/helmets_swat_df"/>


	<!-- Gensec Security: Beret Poppin' -->
	<unit path="units/pd2_dlc1/characters/ene_security_gensec_1/ene_security_gensec_1" load="true" force="true" />
	<unit path="units/pd2_dlc1/characters/ene_security_gensec_1/ene_security_gensec_1_husk" load="true" force="true" />	
	<object path="units/pd2_dlc1/characters/ene_security_gensec_1/ene_security_gensec_1" force="true" />	
	<model path="units/pd2_dlc1/characters/ene_security_gensec_1/ene_security_gensec_1" force="true" />	
	<material_config path="units/pd2_dlc1/characters/ene_security_gensec_1/ene_security_gensec_1" force="true" />	
	<material_config path="units/pd2_dlc1/characters/ene_security_gensec_1/ene_security_gensec_1_contour" force="true" />	

	<unit path="units/pd2_dlc1/characters/ene_security_gensec_2/ene_security_gensec_2" load="true" force="true" />
	<unit path="units/pd2_dlc1/characters/ene_security_gensec_2/ene_security_gensec_2_husk" load="true" force="true" />	
	<object path="units/pd2_dlc1/characters/ene_security_gensec_2/ene_security_gensec_2" force="true" />	
	<model path="units/pd2_dlc1/characters/ene_security_gensec_2/ene_security_gensec_2" force="true" />	
	
	<unit_mat path="units/pd2_dlc1/characters/ene_acc_gensec_beret_but_red/ene_acc_gensec_beret_but_red" load="true"/>
	<cooked_physics path="units/pd2_dlc1/characters/ene_acc_gensec_beret_but_red/ene_acc_gensec_beret_but_red"/>	
	
	<!--sniper helmet popping-->
	<unit_mat path="units/payday2/characters/ene_acc_sniper_cap/ene_acc_sniper_cap" load="true"/>
	
	<unit path="units/payday2/characters/ene_sniper_1/ene_sniper_1" load="true" force="true"/>
	<unit path="units/payday2/characters/ene_sniper_1/ene_sniper_1_husk" load="true" force="true"/>

	<unit path="units/payday2/characters/ene_sniper_2/ene_sniper_2" load="true" force="true"/>
	<unit path="units/payday2/characters/ene_sniper_2/ene_sniper_2_husk" load="true" force="true"/>	

	<!--Map Replacement Bullshit-->
	<mission path="levels/narratives/classics/dinner/world/world" force="true" unload="true"/>  <!--this shit is rad!!! murky assault units will rappel from the chopper now, and most of the vehicle spawns are replaced by cool looking assault units!!! It's shit for balance but who cares, just shoot the pricks in the head!-->
	<continent path="levels/narratives/classics/dinner/world/world" force="true" unload="true"/> <!-- fuck you derma -->

	
	<mission path="levels/narratives/classics/red2/world/world" force="true" unload="true"/> <!--Makes FWB Vault Guards Gensex ninjas-->
	<mission path="levels/instances/unique/red/red_camera_room/world/world" force="true" unload="true"/> <!--FWB SECURITY ROOM INSTANCE, PUTS IN RED FUCKER AS GUARD-->
	
	<continent path="levels/narratives/elephant/born/world/world" force="true" unload="true"/><!--fixes cars clipping into ground-->	
	
	<mission path="levels/instances/unique/pbr/pbr_plane_cargo/world/world" force="true" unload="true"/> <!--ADDS IN MURKY ASSAULT UNITS ON THE PLANE!!! FEATURING A FEW PUNKS!!!-->
	
	<mission path="levels/narratives/e_framing_frame/stage_1/world/world" force="true" unload="true"/>
	
	<mission path="levels/narratives/locke/vit/world/world" force="true" unload="true"/>
	
	<mission path="levels/instances/unique/wwh/wwh_hostage_spawn/world/world" force="true" unload="true"/>
	
	<mission path="levels/instances/unique/pbr/pbr_plane_crew/world/world" force="true" unload="true"/>
	
	<mission path="levels/narratives/butcher/friend/world/world" force="true" unload="true"/> <!--Removes the shitty spawn van escape from Scarface. -->
	
	<mission path="levels/instances/shared/obj_skm/world/world" force="true" unload="true"/> <!-- replaces locke lines with negotiator lines -->
	<mission path="levels/instances/shared/skm_negotiator/world/world" force="true" unload="true"/> <!-- same as above-->
	
	<mission path="levels/narratives/classics/dah/world/world" force="true" unload="true"/>
	<continent path="levels/narratives/classics/dah/world/world" force="true" unload="true"/>
	<cover_data path="levels/narratives/classics/dah/cover_data" force="true" unload="true"/>
	<nav_data path="levels/narratives/classics/dah/nav_manager_data" force="true" unload="true"/>
	
	<cover_data path="levels/narratives/h_firestarter/stage_3/cover_data" force="true" unload="true"/>
	<nav_data path="levels/narratives/h_firestarter/stage_3/nav_manager_data" force="true" unload="true"/>
	
	<!--enemy bullet impact fixes-->	
	<object path="units/pd2_dlc_flat/characters/npc_chavez/npc_chavez" force="true" />
	
	<!--you're that ninja!-->	
	<unit path="units/pd2_dlc_flat/characters/npc_jamaican/npc_jamaican" force="true" />		
	<object path="units/pd2_dlc_flat/characters/npc_jamaican/npc_jamaican" force="true" />		
	<unit path="units/pd2_dlc_flat/characters/npc_jamaican/npc_jamaican_husk" force="true" />	
	
	<!-- scarface fuckers -->
	<object path="units/pd2_dlc_friend/characters/ene_drug_lord_boss/ene_drug_lord_boss" force="true" />
	<unit path="units/pd2_dlc_friend/characters/ene_drug_lord_boss/ene_drug_lord_boss" force="true" />	
	<unit path="units/pd2_dlc_friend/characters/ene_drug_lord_boss/ene_drug_lord_boss_husk" force="true" />

	<object path="units/pd2_dlc_friend/characters/ene_security_manager/ene_security_manager" force="true" />
	<unit path="units/pd2_dlc_friend/characters/ene_security_manager/ene_security_manager" force="true" />	
	<unit path="units/pd2_dlc_friend/characters/ene_security_manager/ene_security_manager_husk" force="true" />
	
	<object path="units/pd2_dlc_friend/characters/ene_bolivian_thug_outdoor_01/ene_bolivian_thug_outdoor_01" force="true" />
	<object path="units/pd2_dlc_friend/characters/ene_bolivian_thug_outdoor_02/ene_bolivian_thug_outdoor_02" force="true" />	
	<object path="units/pd2_dlc_friend/characters/ene_thug_indoor_01/ene_thug_indoor_01" force="true" />
	<object path="units/pd2_dlc_friend/characters/ene_thug_indoor_02/ene_thug_indoor_02" force="true" />		
	<object path="units/pd2_dlc_friend/characters/ene_drug_lord_boss_stealth/ene_drug_lord_boss_stealth" force="true" />			
	<!--enemy bullet impact fixes end-->
	
	<!--vanilla murky texture not shit:tm:-->
	<texture path="units/payday2/characters/shared_textures/murkywater_df" force="true"/>
	
	<!-- lazily and horribly fixed his mipmaps lol -->
	<texture path="units/payday2/characters/shared_textures/danial_df" force="true"/>
	
	<!--functional weapon sounds-->	
	<unit path="units/payday2/weapons/wpn_npc_ump/wpn_npc_ump" load="true" force="true"/>
	<unit path="units/payday2/weapons/wpn_npc_c45/wpn_npc_c45" load="true" force="true"/>
	<unit path="units/payday2/weapons/wpn_npc_c45/wpn_npc_x_c45" load="true" force="true"/>

	<!--jarey's reaper weapons-->
	<unit path="units/pd2_dlc_mad/weapons/wpn_npc_sr2/wpn_npc_sr2" force="true" />		
	
	<unit path="units/pd2_dlc_mad/weapons/wpn_npc_rpk/wpn_npc_rpk" force="true"/>			
	<model path="units/pd2_dlc_mad/weapons/wpn_npc_rpk/wpn_npc_rpk" force="true"/>		
	<texture path="units/pd2_dlc_mad/weapons/wpn_npc_rpk/wpn_npc_rpk_df" force="true"/>
	<texture path="units/pd2_dlc_mad/weapons/wpn_npc_rpk/wpn_npc_rpk_nm" force="true"/>

	<material_config path="units/pd2_dlc_mad/weapons/wpn_npc_ak47/wpn_npc_ak47" force="true"/>
	<model path="units/pd2_dlc_mad/weapons/wpn_npc_ak47/wpn_npc_ak47" force="true"/>
	<unit path="units/pd2_dlc_mad/weapons/wpn_npc_ak47/wpn_npc_ak47" force="true"/>
	
	<texture path="units/pd2_dlc_mad/weapons/wpn_npc_ak47/wpn_npc_ak47_df"/>
	<texture path="units/pd2_dlc_mad/weapons/wpn_npc_ak47/wpn_npc_ak47_nm"/>
	
	<material_config path="units/pd2_dlc_mad/weapons/wpn_npc_akmsu/wpn_npc_akmsu" force="true"/>
	<model path="units/pd2_dlc_mad/weapons/wpn_npc_akmsu/wpn_npc_akmsu" force="true"/>
	<unit path="units/pd2_dlc_mad/weapons/wpn_npc_akmsu/wpn_npc_akmsu" force="true"/>	
	<object path="units/pd2_dlc_mad/weapons/wpn_npc_akmsu/wpn_npc_akmsu" force="true"/>
	
	<texture path="units/pd2_dlc_mad/weapons/wpn_npc_akmsu/akmsu_df" force="true"/>
	<texture path="units/pd2_dlc_mad/weapons/wpn_npc_akmsu/akmsu_nm" force="true"/>	
	<!--jarey's reaper weapons END-->
	
	<!--MEDIC M4 -->
	<unit path="units/payday2/characters/ene_medic_m4_hh/ene_medic_m4_hh" load="true"/>
	<unit path="units/payday2/characters/ene_medic_m4_hh/ene_medic_m4_hh_husk" load="true"/>	
	<material_config path="units/payday2/characters/ene_medic_m4_hh/ene_medic_m4_hh"/>
	<material_config path="units/payday2/characters/ene_medic_m4_hh/ene_medic_m4_hh_contour"/>	
	<object path="units/payday2/characters/ene_medic_m4_hh/ene_medic_m4_hh" />
	<model path="units/payday2/characters/ene_medic_m4_hh/ene_medic_m4_hh" />
	<cooked_physics path="units/payday2/characters/ene_medic_m4_hh/ene_medic_m4_hh"/>
	<texture path="units/payday2/characters/ene_medic_m4_hh/ene_medic_df" />
	<texture path="units/payday2/characters/ene_medic_m4_hh/ene_medic_head_df" />
	
	<!--Light SWAT SMG-->	
	<unit path="units/payday2/characters/ene_swat_3/ene_swat_3" load="true"/>
	<unit path="units/payday2/characters/ene_swat_3/ene_swat_3_husk" load="true"/>	
	<material_config path="units/payday2/characters/ene_swat_3/ene_swat_3"/>
	<material_config path="units/payday2/characters/ene_swat_3/ene_swat_3_contour"/>	
	<object path="units/payday2/characters/ene_swat_3/ene_swat_3" />
	<model path="units/payday2/characters/ene_swat_3/ene_swat_3" />
	<cooked_physics path="units/payday2/characters/ene_swat_3/ene_swat_3"/>

	<!--NPC Mosconi less ugly-->
	<model path="units/payday2/weapons/wpn_npc_sawnoff_shotgun/wpn_npc_sawnoff_shotgun" force="true"/>	
	<texture path="units/payday2/weapons/wpn_npc_sawnoff_shotgun/sawnoff_df" force="true"/>
	<texture path="units/payday2/weapons/wpn_npc_sawnoff_shotgun/sawnoff_nm" force="true"/>
	
	<!--Light FBI SMG-->	
	<unit path="units/payday2/characters/ene_fbi_swat_3/ene_fbi_swat_3" load="true"/>
	<unit path="units/payday2/characters/ene_fbi_swat_3/ene_fbi_swat_3_husk" load="true"/>	
	<material_config path="units/payday2/characters/ene_fbi_swat_3/ene_fbi_swat_3"/>
	<material_config path="units/payday2/characters/ene_fbi_swat_3/ene_fbi_swat_3_contour"/>	
	<object path="units/payday2/characters/ene_fbi_swat_3/ene_fbi_swat_3" />
	<model path="units/payday2/characters/ene_fbi_swat_3/ene_fbi_swat_3" />
	<cooked_physics path="units/payday2/characters/ene_fbi_swat_3/ene_fbi_swat_3"/>

    <unit_mat path="units/payday2/characters/ene_acc_smg_cap/ene_acc_smg_cap" load="true"/>	
	
	<!--Trolliam Epicson-->	
	<unit path="units/pd2_mod_epictroll/characters/ene_trolliam_calhoun/ene_trolliam_calhoun" load="true"/>
	<unit path="units/pd2_mod_epictroll/characters/ene_trolliam_calhoun/ene_trolliam_calhoun_husk" load="true"/>	
	<material_config path="units/pd2_mod_epictroll/characters/ene_trolliam_calhoun/ene_trolliam_calhoun"/>
	<material_config path="units/pd2_mod_epictroll/characters/ene_trolliam_calhoun/ene_trolliam_calhoun_contour"/>	
	<object path="units/pd2_mod_epictroll/characters/ene_trolliam_calhoun/ene_trolliam_calhoun" />
	<model path="units/pd2_mod_epictroll/characters/ene_trolliam_calhoun/ene_trolliam_calhoun" />
	<cooked_physics path="units/pd2_mod_epictroll/characters/ene_trolliam_calhoun/ene_trolliam_calhoun"/>

	<unit path="units/payday2/characters/ene_fbi_3/ene_fbi_3" load="true"/>
	<unit path="units/payday2/characters/ene_fbi_3/ene_fbi_3_husk" load="true"/>	
	
    <unit_mat path="units/pd2_mod_epictroll/weapons/trolliamsidearm/trolliamsidearm" load="true"/>
    <cooked_physics path="units/pd2_mod_epictroll/weapons/trolliamsidearm/trolliamsidearm" />
	
	<texture path="units/pd2_mod_epictroll/characters/ene_trolliam_calhoun/ene_trolliam_calhoun_df" />	

	<!--25 8 TWELVE GAUGE PUNK WEIGHT-->	
	<unit path="units/payday2/characters/ene_cop_3/ene_cop_3" load="true" force="true"/>
	<unit path="units/payday2/characters/ene_cop_3/ene_cop_3_husk" load="true" force="true"/>

	<!--Light SWAT MP5	
	<unit path="units/payday2/characters/ene_cop_5/ene_cop_5" load="true"/>
	<unit path="units/payday2/characters/ene_cop_5/ene_cop_5_husk" load="true"/>
	<material_config path="units/payday2/characters/ene_cop_5/ene_cop_5"/>	
	<material_config path="units/payday2/characters/ene_cop_5/ene_cop_5_contour"/>		
	<object path="units/payday2/characters/ene_cop_5/ene_cop_5" />
	<model path="units/payday2/characters/ene_cop_5/ene_cop_5" />	
	<cooked_physics path="units/payday2/characters/ene_cop_5/ene_cop_5"/>	

	<texture path="units/payday2/characters/shared_textures/police_df" force="true"/>
	
	this man is dead. dead forever. he's never coming back. have a nice day. :)
	
	-->	


	<!--gensec shield-->
	<unit path="units/payday2/characters/ene_city_shield/ene_city_shield" force="true"/>
	<unit path="units/payday2/characters/ene_city_shield/ene_city_shield_husk" force="true"/>

	<!--gensec shield accessory-->	
	<unit_mat path="units/payday2/characters/ene_acc_shield_city/ene_acc_shield_city" load="true"/>
	<texture path="units/payday2/characters/ene_acc_shield_city/cityshield_df" />	
	
	<!--Base Game Asset Replacements END-->	
	
	
	<!--Vanilla ZEAL SWAT Replacement-->
	<unit path="units/pd2_dlc_gitgud/characters/ene_zeal_swat/ene_zeal_swat" load="true" force="true"/>
	<unit path="units/pd2_dlc_gitgud/characters/ene_zeal_swat/ene_zeal_swat_husk" load="true" force="true"/>

	<!--Vanilla Heavy ZEAL SWAT Replacement-->
	<unit path="units/pd2_dlc_gitgud/characters/ene_zeal_swat_heavy/ene_zeal_swat_heavy" load="true" force="true"/>
	<unit path="units/pd2_dlc_gitgud/characters/ene_zeal_swat_heavy/ene_zeal_swat_heavy_husk" load="true" force="true"/>

	<!--ZEAL SNIPER-->	
	<unit path="units/pd2_dlc_gitgud/characters/ene_zeal_sniper/ene_zeal_sniper" load="true"/>
	<unit path="units/pd2_dlc_gitgud/characters/ene_zeal_sniper/ene_zeal_sniper_husk" load="true"/>	
	<material_config path="units/pd2_dlc_gitgud/characters/ene_zeal_sniper/ene_zeal_sniper"/>
	<material_config path="units/pd2_dlc_gitgud/characters/ene_zeal_sniper/ene_zeal_sniper_contour"/>	
	<object path="units/pd2_dlc_gitgud/characters/ene_zeal_sniper/ene_zeal_sniper" />
	<model path="units/pd2_dlc_gitgud/characters/ene_zeal_sniper/ene_zeal_sniper" />
	<cooked_physics path="units/pd2_dlc_gitgud/characters/ene_zeal_sniper/ene_zeal_sniper"/>	

	<df_nm path="units/pd2_dlc_gitgud/characters/ene_zeal_sniper/sniper_joe_head_atlas" />
	<texture path="units/pd2_dlc_gitgud/characters/ene_zeal_sniper/head_il" load="true"/>
	<!-- <texture path="units/pd2_dlc_gitgud/characters/ene_zeal_sniper/sniper_joe_body_il" load="true"/> -->
	<unit_mat path="units/pd2_dlc_gitgud/characters/ene_acc_snipercap/ene_acc_snipercap" load="true"/>
	
	<!--ZEAL MP5 PUNK-->	
	<unit path="units/pd2_dlc_gitgud/characters/ene_zeal_punk_mp5/ene_zeal_punk_mp5" load="true"/>
	<unit path="units/pd2_dlc_gitgud/characters/ene_zeal_punk_mp5/ene_zeal_punk_mp5_husk" load="true"/>	
	<material_config path="units/pd2_dlc_gitgud/characters/ene_zeal_punk_mp5/ene_zeal_punk_mp5"/>
	<material_config path="units/pd2_dlc_gitgud/characters/ene_zeal_punk_mp5/ene_zeal_punk_mp5_contour"/>	
	<object path="units/pd2_dlc_gitgud/characters/ene_zeal_punk_mp5/ene_zeal_punk_mp5" />
	<model path="units/pd2_dlc_gitgud/characters/ene_zeal_punk_mp5/ene_zeal_punk_mp5" />
	<cooked_physics path="units/pd2_dlc_gitgud/characters/ene_zeal_punk_mp5/ene_zeal_punk_mp5"/>
	
	<!--ZEAL MOSS PUNK-->	
	<unit path="units/pd2_dlc_gitgud/characters/ene_zeal_punk_moss/ene_zeal_punk_moss" load="true"/>
	<unit path="units/pd2_dlc_gitgud/characters/ene_zeal_punk_moss/ene_zeal_punk_moss_husk" load="true"/>	
	<material_config path="units/pd2_dlc_gitgud/characters/ene_zeal_punk_moss/ene_zeal_punk_moss"/>
	<material_config path="units/pd2_dlc_gitgud/characters/ene_zeal_punk_moss/ene_zeal_punk_moss_contour"/>	
	<object path="units/pd2_dlc_gitgud/characters/ene_zeal_punk_moss/ene_zeal_punk_moss" />
	<model path="units/pd2_dlc_gitgud/characters/ene_zeal_punk_moss/ene_zeal_punk_moss" />
	<cooked_physics path="units/pd2_dlc_gitgud/characters/ene_zeal_punk_moss/ene_zeal_punk_moss"/>
	<df_nm path="units/pd2_dlc_gitgud/characters/ene_zeal_punk_moss/moss_punk_head" />
	<texture path="units/pd2_dlc_gitgud/characters/ene_zeal_punk_moss/moss_punk_df" />
	
	<!--ZEAL BRONCO PUNK-->	
	<unit path="units/pd2_dlc_gitgud/characters/ene_zeal_punk_bronco/ene_zeal_punk_bronco" load="true"/>
	<unit path="units/pd2_dlc_gitgud/characters/ene_zeal_punk_bronco/ene_zeal_punk_bronco_husk" load="true"/>	
	<material_config path="units/pd2_dlc_gitgud/characters/ene_zeal_punk_bronco/ene_zeal_punk_bronco"/>
	<material_config path="units/pd2_dlc_gitgud/characters/ene_zeal_punk_bronco/ene_zeal_punk_bronco_contour"/>	
	<cooked_physics path="units/pd2_dlc_gitgud/characters/ene_zeal_punk_bronco/ene_zeal_punk_bronco"/>	
	<object path="units/pd2_dlc_gitgud/characters/ene_zeal_punk_bronco/ene_zeal_punk_bronco" />
	<model path="units/pd2_dlc_gitgud/characters/ene_zeal_punk_bronco/ene_zeal_punk_bronco" />
	
	<df_nm path="units/pd2_dlc_gitgud/characters/ene_zeal_punk_bronco/punk_head" />
	<texture path="units/pd2_dlc_gitgud/characters/ene_zeal_punk_bronco/secret_service_df" />
	
	<!--Better But Still Bad Taser-->
	<unit path="units/pd2_dlc_gitgud/characters/ene_zeal_tazer_hh/ene_zeal_tazer_hh" load="true"/>
	<unit path="units/pd2_dlc_gitgud/characters/ene_zeal_tazer_hh/ene_zeal_tazer_hh_husk" load="true"/>	
	<material_config path="units/pd2_dlc_gitgud/characters/ene_zeal_tazer_hh/ene_zeal_tazer_hh"/>
	<material_config path="units/pd2_dlc_gitgud/characters/ene_zeal_tazer_hh/ene_zeal_tazer_hh_contour"/>	
	<object path="units/pd2_dlc_gitgud/characters/ene_zeal_tazer_hh/ene_zeal_tazer_hh" />
	<model path="units/pd2_dlc_gitgud/characters/ene_zeal_tazer_hh/ene_zeal_tazer_hh" />	
	<cooked_physics path="units/pd2_dlc_gitgud/characters/ene_zeal_tazer_hh/ene_zeal_tazer_hh"/>

	<!--ZEAL MEDIC ACC-->	
	<unit path="units/pd2_dlc_gitgud/characters/ene_acc_zeal_medic_helmet/ene_acc_zeal_medic_helmet" load="true"/>
	<material_config path="units/pd2_dlc_gitgud/characters/ene_acc_zeal_medic_helmet/ene_acc_zeal_medic_helmet"/>	
	<object path="units/pd2_dlc_gitgud/characters/ene_acc_zeal_medic_helmet/ene_acc_zeal_medic_helmet" />
	<model path="units/pd2_dlc_gitgud/characters/ene_acc_zeal_medic_helmet/ene_acc_zeal_medic_helmet" />	
	<cooked_physics path="units/pd2_dlc_gitgud/characters/ene_acc_zeal_medic_helmet/ene_acc_zeal_medic_helmet"/>
	
	<unit path="units/pd2_dlc_gitgud/characters/ene_acc_zeal_medic_r870_helmet/ene_acc_zeal_medic_r870_helmet" load="true"/>
	<material_config path="units/pd2_dlc_gitgud/characters/ene_acc_zeal_medic_r870_helmet/ene_acc_zeal_medic_r870_helmet"/>	
	<object path="units/pd2_dlc_gitgud/characters/ene_acc_zeal_medic_r870_helmet/ene_acc_zeal_medic_r870_helmet" />
	<model path="units/pd2_dlc_gitgud/characters/ene_acc_zeal_medic_r870_helmet/ene_acc_zeal_medic_r870_helmet" />	
	<cooked_physics path="units/pd2_dlc_gitgud/characters/ene_acc_zeal_medic_r870_helmet/ene_acc_zeal_medic_r870_helmet"/>	

	<!--ZEAL MEDICS-->
	<unit path="units/pd2_dlc_gitgud/characters/ene_zeal_medic/ene_zeal_medic" load="true"/>
	<unit path="units/pd2_dlc_gitgud/characters/ene_zeal_medic/ene_zeal_medic_husk" load="true"/>	
	<material_config path="units/pd2_dlc_gitgud/characters/ene_zeal_medic/ene_zeal_medic"/>
	<material_config path="units/pd2_dlc_gitgud/characters/ene_zeal_medic/ene_zeal_medic_contour"/>	
	<object path="units/pd2_dlc_gitgud/characters/ene_zeal_medic/ene_zeal_medic"/>
	<model path="units/pd2_dlc_gitgud/characters/ene_zeal_medic/ene_zeal_medic" />	
	<cooked_physics path="units/pd2_dlc_gitgud/characters/ene_zeal_medic/ene_zeal_medic"/>
	<texture path="units/pd2_dlc_gitgud/characters/ene_zeal_medic/material_body_nm" />
	<texture path="units/pd2_dlc_gitgud/characters/ene_zeal_medic/material_body_df" />
	<texture path="units/pd2_dlc_gitgud/characters/ene_zeal_medic/material_head_nm" />
	<texture path="units/pd2_dlc_gitgud/characters/ene_zeal_medic/material_head_df" />
	<texture path="units/pd2_dlc_gitgud/characters/ene_zeal_medic/material_head_il" />
	
	<unit path="units/pd2_dlc_gitgud/characters/ene_zeal_medic_r870/ene_zeal_medic_r870" load="true"/>
	<unit path="units/pd2_dlc_gitgud/characters/ene_zeal_medic_r870/ene_zeal_medic_r870_husk" load="true"/>	
	<material_config path="units/pd2_dlc_gitgud/characters/ene_zeal_medic_r870/ene_zeal_medic_r870"/>
	<material_config path="units/pd2_dlc_gitgud/characters/ene_zeal_medic_r870/ene_zeal_medic_r870_contour"/>	
	<object path="units/pd2_dlc_gitgud/characters/ene_zeal_medic_r870/ene_zeal_medic_r870" />
	<model path="units/pd2_dlc_gitgud/characters/ene_zeal_medic_r870/ene_zeal_medic_r870" />	
	<cooked_physics path="units/pd2_dlc_gitgud/characters/ene_zeal_medic_r870/ene_zeal_medic_r870"/>
	
	<texture path="units/pd2_dlc_gitgud/characters/ene_zeal_medic_r870/material_body_df" />	
	<texture path="units/pd2_dlc_gitgud/characters/ene_zeal_medic_r870/material_head_df" />	
	<texture path="units/pd2_dlc_gitgud/characters/ene_zeal_medic_r870/material_head_il" />
	
	<!--ZEAL SWAT Shield-->
	<unit path="units/pd2_dlc_gitgud/characters/ene_zeal_swat_shield_hh/ene_zeal_swat_shield_hh" load="true"/>
	<unit path="units/pd2_dlc_gitgud/characters/ene_zeal_swat_shield_hh/ene_zeal_swat_shield_hh_husk" load="true"/>	
	<material_config path="units/pd2_dlc_gitgud/characters/ene_zeal_swat_shield_hh/ene_zeal_swat_shield_hh"/>
	<material_config path="units/pd2_dlc_gitgud/characters/ene_zeal_swat_shield_hh/ene_zeal_swat_shield_hh_contour"/>	
	<object path="units/pd2_dlc_gitgud/characters/ene_zeal_swat_shield_hh/ene_zeal_swat_shield_hh" />
	<model path="units/pd2_dlc_gitgud/characters/ene_zeal_swat_shield_hh/ene_zeal_swat_shield_hh" />	
	<cooked_physics path="units/pd2_dlc_gitgud/characters/ene_zeal_swat_shield_hh/ene_zeal_swat_shield_hh"/>	
	
	<unit path="units/pd2_dlc_gitgud/characters/ene_zeal_swat_shield/ene_zeal_swat_shield" load="true"/>
	<unit path="units/pd2_dlc_gitgud/characters/ene_zeal_swat_shield/ene_zeal_swat_shield_husk" load="true"/>	

	<!--ZEAL SWAT Light AR-->	
	<unit path="units/pd2_dlc_gitgud/characters/ene_zeal_city_1/ene_zeal_city_1" load="true"/>
	<unit path="units/pd2_dlc_gitgud/characters/ene_zeal_city_1/ene_zeal_city_1_husk" load="true"/>	
	<material_config path="units/pd2_dlc_gitgud/characters/ene_zeal_city_1/ene_zeal_city_1"/>
	<material_config path="units/pd2_dlc_gitgud/characters/ene_zeal_city_1/ene_zeal_city_1_contour"/>	
	<object path="units/pd2_dlc_gitgud/characters/ene_zeal_city_1/ene_zeal_city_1" />
	<model path="units/pd2_dlc_gitgud/characters/ene_zeal_city_1/ene_zeal_city_1" />	
	<cooked_physics path="units/pd2_dlc_gitgud/characters/ene_zeal_city_1/ene_zeal_city_1"/>

	<!--COOL JEROME-->	
	<unit path="units/pd2_dlc_gitgud/characters/ene_zeal_fbigod_m4/ene_zeal_fbigod_m4" load="true"/>
	<unit path="units/pd2_dlc_gitgud/characters/ene_zeal_fbigod_m4/ene_zeal_fbigod_m4_husk" load="true"/>	
	<material_config path="units/pd2_dlc_gitgud/characters/ene_zeal_fbigod_m4/ene_zeal_fbigod_m4"/>
	<material_config path="units/pd2_dlc_gitgud/characters/ene_zeal_fbigod_m4/ene_zeal_fbigod_m4_contour"/>	
	<object path="units/pd2_dlc_gitgud/characters/ene_zeal_fbigod_m4/ene_zeal_fbigod_m4" />
	<model path="units/pd2_dlc_gitgud/characters/ene_zeal_fbigod_m4/ene_zeal_fbigod_m4" />
	<texture path="units/pd2_dlc_gitgud/characters/ene_zeal_fbigod_m4/pants_df" />	
	<cooked_physics path="units/pd2_dlc_gitgud/characters/ene_zeal_fbigod_m4/ene_zeal_fbigod_m4"/>
	
	
	<!-- jareys awesomesauce m4s -->	
	<!--NPC M4-->
	<model path="units/payday2/weapons/wpn_npc_m4/wpn_npc_m4" force="true"/>
	<texture path="units/payday2/weapons/wpn_npc_m4/m4_df" force="true"/>
	<texture path="units/payday2/weapons/wpn_npc_m4/m4_nm" force="true"/>
	
	<!--NPC M4 Yellow-->
	<model path="units/payday2/weapons/wpn_npc_m4_yellow/wpn_npc_m4_yellow" force="true"/>
	<material_config path="units/payday2/weapons/wpn_npc_m4_yellow/wpn_npc_m4_yellow" force="true"/>
	<material_config path="units/payday2/weapons/wpn_npc_m4_yellow/wpn_npc_m4_yellow_contour" force="true"/>
	<object path="units/payday2/weapons/wpn_npc_m4_yellow/wpn_npc_m4_yellow" force="true"/>	

	<object path="units/pd2_dlc_gitgud/weapons/wpn_npc_m4_(cooler)/wpn_npc_m4_(cooler)" force="false"/>
	<cooked_physics path="units/pd2_dlc_gitgud/weapons/wpn_npc_m4_(cooler)/wpn_npc_m4_(cooler)" force="false"/>
	<model path="units/pd2_dlc_gitgud/weapons/wpn_npc_m4_(cooler)/wpn_npc_m4_(cooler)" force="false"/>
	<unit path="units/pd2_dlc_gitgud/weapons/wpn_npc_m4_(cooler)/wpn_npc_m4_(cooler)"  load="true"/>
	<material_config path="units/pd2_dlc_gitgud/weapons/wpn_npc_m4_(cooler)/wpn_npc_m4_(cooler)" force="false"/>	
	<material_config path="units/pd2_dlc_gitgud/weapons/wpn_npc_m4_(cooler)/wpn_npc_m4_(cooler)_contour" force="false"/>	
	
	<!-- thank you jray ... cool and awsome	 -->
	
	<!--AKIMBO ZEALOT-->	
	<unit path="units/pd2_dlc_gitgud/characters/ene_zeal_fbigod_c45/ene_zeal_fbigod_c45" load="true"/>
	<unit path="units/pd2_dlc_gitgud/characters/ene_zeal_fbigod_c45/ene_zeal_fbigod_c45_husk" load="true"/>	
	<material_config path="units/pd2_dlc_gitgud/characters/ene_zeal_fbigod_c45/ene_zeal_fbigod_c45"/>
	<material_config path="units/pd2_dlc_gitgud/characters/ene_zeal_fbigod_c45/ene_zeal_fbigod_c45_contour"/>	
	<object path="units/pd2_dlc_gitgud/characters/ene_zeal_fbigod_c45/ene_zeal_fbigod_c45" />
	<model path="units/pd2_dlc_gitgud/characters/ene_zeal_fbigod_c45/ene_zeal_fbigod_c45" />
	<cooked_physics path="units/pd2_dlc_gitgud/characters/ene_zeal_fbigod_c45/ene_zeal_fbigod_c45"/>
	
	<texture path="units/pd2_dlc_gitgud/characters/ene_zeal_fbigod_c45/ene_zeal_swat_df" />	
	<texture path="units/pd2_dlc_gitgud/characters/ene_zeal_fbigod_c45/ene_zeal_swat_head_df" />
	<texture path="units/pd2_dlc_gitgud/characters/ene_zeal_fbigod_c45/ene_zeal_swat_head_nm" />	
	<texture path="units/pd2_dlc_gitgud/characters/ene_zeal_fbigod_c45/ene_zeal_swat_nm" />	
	<texture path="units/pd2_dlc_gitgud/characters/ene_zeal_fbigod_c45/body_il" />	
	<texture path="units/pd2_dlc_gitgud/characters/ene_zeal_fbigod_c45/mask_il" />

	<!--AKIMBO ZEALOT K&M 45. TACTICAL-->	
	<unit_mat path="units/pd2_dlc_gitgud/weapons/wpn_npc_kmtac/wpn_npc_kmtac" load="true"/>
	<unit path="units/pd2_dlc_gitgud/weapons/wpn_npc_kmtac/wpn_npc_x_kmtac" load="true"/>
	<cooked_physics path="units/pd2_dlc_gitgud/weapons/wpn_npc_kmtac/wpn_npc_kmtac"/>
	
	<!--Big Pistol -->	
	<unit_mat path="units/payday2/weapons/wpn_npc_degle/wpn_npc_degle" load="true"/>
	<material_config path="units/payday2/weapons/wpn_npc_degle/wpn_npc_degle_contour" />
	<cooked_physics path="units/payday2/weapons/wpn_npc_degle/wpn_npc_degle"/>

	<!--AKIMBO ZEALOT MASK-->
	<unit path="units/pd2_dlc_gitgud/characters/ene_acc_zeal_mask/ene_acc_zeal_mask" load="true"/>
	<material_config path="units/pd2_dlc_gitgud/characters/ene_acc_zeal_mask/ene_acc_zeal_mask"/>	
	<object path="units/pd2_dlc_gitgud/characters/ene_acc_zeal_mask/ene_acc_zeal_mask" />
	<model path="units/pd2_dlc_gitgud/characters/ene_acc_zeal_mask/ene_acc_zeal_mask" />	
	<cooked_physics path="units/pd2_dlc_gitgud/characters/ene_acc_zeal_mask/ene_acc_zeal_mask"/>

	<!--ZEAL Heavy SWAT AR-->	
	<unit path="units/pd2_dlc_gitgud/characters/ene_zeal_swat_heavy_hh/ene_zeal_swat_heavy_hh" load="true"/>
	<unit path="units/pd2_dlc_gitgud/characters/ene_zeal_swat_heavy_hh/ene_zeal_swat_heavy_hh_husk" load="true"/>	
	<material_config path="units/pd2_dlc_gitgud/characters/ene_zeal_swat_heavy_hh/ene_zeal_swat_heavy_hh"/>
	<material_config path="units/pd2_dlc_gitgud/characters/ene_zeal_swat_heavy_hh/ene_zeal_swat_heavy_hh_contour"/>	
	<object path="units/pd2_dlc_gitgud/characters/ene_zeal_swat_heavy_hh/ene_zeal_swat_heavy_hh" />
	<model path="units/pd2_dlc_gitgud/characters/ene_zeal_swat_heavy_hh/ene_zeal_swat_heavy_hh" />
	<cooked_physics path="units/pd2_dlc_gitgud/characters/ene_zeal_swat_heavy_hh/ene_zeal_swat_heavy_hh"/>

	<!--ZEAL Heavy SWAT Shotgunner-->	
	<unit path="units/pd2_dlc_gitgud/characters/ene_zeal_swat_heavy_r870/ene_zeal_swat_heavy_r870" load="true"/>
	<unit path="units/pd2_dlc_gitgud/characters/ene_zeal_swat_heavy_r870/ene_zeal_swat_heavy_r870_husk" load="true"/>	
	<material_config path="units/pd2_dlc_gitgud/characters/ene_zeal_swat_heavy_r870/ene_zeal_swat_heavy_r870"/>
	<material_config path="units/pd2_dlc_gitgud/characters/ene_zeal_swat_heavy_r870/ene_zeal_swat_heavy_r870_contour"/>	
	<object path="units/pd2_dlc_gitgud/characters/ene_zeal_swat_heavy_r870/ene_zeal_swat_heavy_r870" />
	<model path="units/pd2_dlc_gitgud/characters/ene_zeal_swat_heavy_r870/ene_zeal_swat_heavy_r870" />
	<cooked_physics path="units/pd2_dlc_gitgud/characters/ene_zeal_swat_heavy_r870/ene_zeal_swat_heavy_r870"/>
	
	<!--ZEAL SWAT Shotgunner-->	
	<unit path="units/pd2_dlc_gitgud/characters/ene_zeal_city_2/ene_zeal_city_2" load="true"/>
	<unit path="units/pd2_dlc_gitgud/characters/ene_zeal_city_2/ene_zeal_city_2_husk" load="true"/>	
	<material_config path="units/pd2_dlc_gitgud/characters/ene_zeal_city_2/ene_zeal_city_2"/>
	<material_config path="units/pd2_dlc_gitgud/characters/ene_zeal_city_2/ene_zeal_city_2_contour"/>	
	<object path="units/pd2_dlc_gitgud/characters/ene_zeal_city_2/ene_zeal_city_2" />
	<model path="units/pd2_dlc_gitgud/characters/ene_zeal_city_2/ene_zeal_city_2" />	
	<cooked_physics path="units/pd2_dlc_gitgud/characters/ene_zeal_city_2/ene_zeal_city_2"/>

	<!--ZEAL CHAD UMP-->	
	<unit path="units/pd2_dlc_gitgud/characters/ene_zeal_city_3/ene_zeal_city_3" load="true"/>
	<unit path="units/pd2_dlc_gitgud/characters/ene_zeal_city_3/ene_zeal_city_3_husk" load="true"/>	
	<material_config path="units/pd2_dlc_gitgud/characters/ene_zeal_city_3/ene_zeal_city_3"/>
	<material_config path="units/pd2_dlc_gitgud/characters/ene_zeal_city_3/ene_zeal_city_3_contour"/>	
	<object path="units/pd2_dlc_gitgud/characters/ene_zeal_city_3/ene_zeal_city_3" />
	<model path="units/pd2_dlc_gitgud/characters/ene_zeal_city_3/ene_zeal_city_3" />	
	<cooked_physics path="units/pd2_dlc_gitgud/characters/ene_zeal_city_3/ene_zeal_city_3"/>

	<!--ZEAL CHAD Hat-->	
	<unit path="units/pd2_dlc_gitgud/characters/ene_acc_zeal_city_3_hat/ene_acc_zeal_city_3_hat" load="true"/>
	<material_config path="units/pd2_dlc_gitgud/characters/ene_acc_zeal_city_3_hat/ene_acc_zeal_city_3_hat"/>	
	<object path="units/pd2_dlc_gitgud/characters/ene_acc_zeal_city_3_hat/ene_acc_zeal_city_3_hat" />
	<model path="units/pd2_dlc_gitgud/characters/ene_acc_zeal_city_3_hat/ene_acc_zeal_city_3_hat" />	
	<cooked_physics path="units/pd2_dlc_gitgud/characters/ene_acc_zeal_city_3_hat/ene_acc_zeal_city_3_hat"/>

	<!--ZEAL Taser acc since otherwise it locks the effin' game for some reason-->	
	<unit path="units/pd2_dlc_gitgud/characters/ene_acc_zeal_tazer_helmet_hh/ene_acc_zeal_tazer_helmet_hh" load="true"/>
	<material_config path="units/pd2_dlc_gitgud/characters/ene_acc_zeal_tazer_helmet_hh/ene_acc_zeal_tazer_helmet_hh"/>	
	<object path="units/pd2_dlc_gitgud/characters/ene_acc_zeal_tazer_helmet_hh/ene_acc_zeal_tazer_helmet_hh" />
	<model path="units/pd2_dlc_gitgud/characters/ene_acc_zeal_tazer_helmet_hh/ene_acc_zeal_tazer_helmet_hh" />	
	<cooked_physics path="units/pd2_dlc_gitgud/characters/ene_acc_zeal_tazer_helmet_hh/ene_acc_zeal_tazer_helmet_hh"/>

	<!--Default ZEAL Helmet-->	
	<unit path="units/pd2_dlc_gitgud/characters/ene_acc_zeal_city_1_helmet/ene_acc_zeal_city_1_helmet" load="true"/>
	<material_config path="units/pd2_dlc_gitgud/characters/ene_acc_zeal_city_1_helmet/ene_acc_zeal_city_1_helmet"/>	
	<object path="units/pd2_dlc_gitgud/characters/ene_acc_zeal_city_1_helmet/ene_acc_zeal_city_1_helmet" />
	<model path="units/pd2_dlc_gitgud/characters/ene_acc_zeal_city_1_helmet/ene_acc_zeal_city_1_helmet" />	
	<cooked_physics path="units/pd2_dlc_gitgud/characters/ene_acc_zeal_city_1_helmet/ene_acc_zeal_city_1_helmet"/>	

	<!--ZEAL Shield acc since otherwise it locks the effin' game for some reason-->	
	<unit path="units/pd2_dlc_gitgud/characters/ene_acc_shield_new_swat_hh/ene_acc_shield_new_swat_hh" load="true"/>
	<material_config path="units/pd2_dlc_gitgud/characters/ene_acc_shield_new_swat_hh/ene_acc_shield_new_swat_hh"/>	
	<object path="units/pd2_dlc_gitgud/characters/ene_acc_shield_new_swat_hh/ene_acc_shield_new_swat_hh" />
	<model path="units/pd2_dlc_gitgud/characters/ene_acc_shield_new_swat_hh/ene_acc_shield_new_swat_hh" />	
	<cooked_physics path="units/pd2_dlc_gitgud/characters/ene_acc_shield_new_swat_hh/ene_acc_shield_new_swat_hh"/>	
	<sequence_manager path="units/pd2_dlc_gitgud/characters/ene_acc_shield_new_swat_hh/ene_acc_shield_new_swat_hh"/>
	
	<!--ZEAL Dozer Material Configs and Textures-->
	<material_config path="units/pd2_dlc_gitgud/characters/ene_zeal_bulldozer/ene_zeal_bulldozer" force="true"/>
	<texture path="units/pd2_dlc_gitgud/characters/ene_zeal_bulldozer/bulldozer_df" force="true"/>
	<material_config path="units/pd2_dlc_gitgud/characters/ene_zeal_bulldozer_2/ene_zeal_bulldozer_2" force="true"/>
	<texture path="units/pd2_dlc_gitgud/characters/ene_zeal_bulldozer_2/bulldozer_2_df" force="true"/>
	<material_config path="units/pd2_dlc_gitgud/characters/ene_zeal_bulldozer_3/ene_zeal_bulldozer_3" force="true"/>
	<texture path="units/pd2_dlc_gitgud/characters/ene_zeal_bulldozer_3/bulldozer_3_df" force="true"/>

	<!--Zeal Folk Textures-->	
	<texture path="units/pd2_dlc_gitgud/characters/shared_textures/ene_zeal_city_df" />	
	<texture path="units/pd2_dlc_gitgud/characters/shared_textures/ene_zeal_city_riflesmg_il" load="true" />	
	<texture path="units/pd2_dlc_gitgud/characters/shared_textures/ene_zeal_city_head_df" />	
	<texture path="units/pd2_dlc_gitgud/characters/shared_textures/helmets_shotgun_df" />	
	<texture path="units/pd2_dlc_gitgud/characters/shared_textures/ene_zeal_city_head_riflesmg_il" load="true" />	
	<texture path="units/pd2_dlc_gitgud/characters/shared_textures/ene_zeal_city_head_shotgun_il" load="true" />	
	<texture path="units/pd2_dlc_gitgud/characters/shared_textures/ene_zeal_city_shotgun_il" load="true" />	
	<texture path="units/pd2_dlc_gitgud/characters/shared_textures/helmets_shotgun_il" load="true" />	
	<texture path="units/pd2_dlc_gitgud/characters/shared_textures/bulldozer_il" load="true" />
	<texture path="units/pd2_dlc_gitgud/characters/shared_textures/bulldozer_green_il" load="true" />
	<texture path="units/pd2_dlc_gitgud/characters/shared_textures/bulldozer_red_il" load="true" />
	<texture path="units/pd2_dlc_gitgud/characters/shared_textures/bulldozer_skull_il" load="true" />
	<texture path="units/pd2_dlc_gitgud/characters/ene_zeal_punk_mp5/armored_punk_df" />	
	<texture path="units/pd2_dlc_gitgud/characters/ene_zeal_punk_mp5/glasses_df" />

	<texture path="units/pd2_dlc_gitgud/characters/shared_textures/zeal_heavy_df" />	
	<texture path="units/pd2_dlc_gitgud/characters/shared_textures/zeal_heavy_head_df" />	

	<texture path="units/pd2_dlc_gitgud/characters/ene_zeal_swat_heavy_hh/swat_heavy_il" load="true" />	
	<texture path="units/pd2_dlc_gitgud/characters/ene_zeal_swat_heavy_hh/helmets_atlas_il" load="true" />
	<texture path="units/pd2_dlc_gitgud/characters/ene_zeal_swat_heavy_hh/eyes_il"  load="true" />	
	<texture path="units/pd2_dlc_gitgud/characters/ene_zeal_swat_heavy_r870/swat_heavy_il" load="true" />
	<texture path="units/pd2_dlc_gitgud/characters/ene_zeal_swat_heavy_r870/helmets_atlas_il" load="true" />	
		
	<texture path="units/pd2_dlc_gitgud/characters/ene_acc_shield_new_swat_hh/shield_il" />	
	<texture path="units/pd2_dlc_gitgud/characters/ene_acc_shield_new_swat_hh/shield_df" />	
	<texture path="units/pd2_dlc_gitgud/characters/ene_zeal_tazer_hh/ene_zeal_tazer_df" />	
	<texture path="units/pd2_dlc_gitgud/characters/ene_zeal_tazer_hh/ene_zeal_tazer_il" load="true" />	
	<texture path="units/pd2_dlc_gitgud/characters/ene_zeal_tazer_hh/ene_zeal_tazer_head_df" />	
	<texture path="units/pd2_dlc_gitgud/characters/ene_zeal_tazer_hh/ene_zeal_tazer_head_il" load="true"/>

	<!-- ZEAL DOZER EVIL SATAN UWU HATS -->

	<unit path="units/pd2_mod_winters/ene_acc_zeal_green_santa/ene_acc_zeal_green_santa" load="true"/>
	<material_config path="units/pd2_mod_winters/ene_acc_zeal_green_santa/ene_acc_zeal_green_santa"/>
	<object path="units/pd2_mod_winters/ene_acc_zeal_green_santa/ene_acc_zeal_green_santa" />
	<model path="units/pd2_mod_winters/ene_acc_zeal_green_santa/ene_acc_zeal_green_santa" />
	<texture path="units/pd2_mod_winters/ene_acc_zeal_green_santa/santa_hat_df" />	
	
	<unit path="units/pd2_mod_winters/ene_acc_zeal_saiga_santa/ene_acc_zeal_saiga_santa" load="true"/>
	<material_config path="units/pd2_mod_winters/ene_acc_zeal_saiga_santa/ene_acc_zeal_saiga_santa"/>
	<object path="units/pd2_mod_winters/ene_acc_zeal_saiga_santa/ene_acc_zeal_saiga_santa" />
	<model path="units/pd2_mod_winters/ene_acc_zeal_saiga_santa/ene_acc_zeal_saiga_santa" />
	<texture path="units/pd2_mod_winters/ene_acc_zeal_saiga_santa/santa_hat_df" />	
	
	<unit path="units/pd2_mod_winters/ene_acc_zeal_skull_santa/ene_acc_zeal_skull_santa" load="true"/>
	<material_config path="units/pd2_mod_winters/ene_acc_zeal_skull_santa/ene_acc_zeal_skull_santa"/>
	<object path="units/pd2_mod_winters/ene_acc_zeal_skull_santa/ene_acc_zeal_skull_santa" />
	<model path="units/pd2_mod_winters/ene_acc_zeal_skull_santa/ene_acc_zeal_skull_santa" />
	<texture path="units/pd2_mod_winters/ene_acc_zeal_skull_santa/santa_hat_df" />	
	
	<unit path="units/pd2_mod_winters/ene_acc_zeal_mini_santa/ene_acc_zeal_mini_santa" load="true"/>
	<material_config path="units/pd2_mod_winters/ene_acc_zeal_mini_santa/ene_acc_zeal_mini_santa"/>
	<object path="units/pd2_mod_winters/ene_acc_zeal_mini_santa/ene_acc_zeal_mini_santa" />
	<model path="units/pd2_mod_winters/ene_acc_zeal_mini_santa/ene_acc_zeal_mini_santa" />
	<texture path="units/pd2_mod_winters/ene_acc_zeal_mini_santa/santa_hat_df" />	
	
	<!--FUCKING SCI-FI ROBOT GUNS-->	
	<unit path="units/pd2_dlc_gitgud/weapons/wpn_npc_s553/wpn_npc_s553" load="true"/>
	<material_config path="units/pd2_dlc_gitgud/weapons/wpn_npc_s553/wpn_npc_s553"/>
	<object path="units/pd2_dlc_gitgud/weapons/wpn_npc_s553/wpn_npc_s553" />
	<model path="units/pd2_dlc_gitgud/weapons/wpn_npc_s553/wpn_npc_s553" />	
	<cooked_physics path="units/pd2_dlc_gitgud/weapons/wpn_npc_s553/wpn_npc_s553"/>	
	
	<texture path="units/pd2_dlc_gitgud/weapons/wpn_npc_s553/sg_zeal_nm" />	
	<texture path="units/pd2_dlc_gitgud/weapons/wpn_npc_s553/sg_zeal_df" />	

	<unit path="units/pd2_dlc_gitgud/weapons/wpn_npc_blazter/wpn_npc_blazter" load="true"/>
	<material_config path="units/pd2_dlc_gitgud/weapons/wpn_npc_blazter/wpn_npc_blazter"/>	
	<object path="units/pd2_dlc_gitgud/weapons/wpn_npc_blazter/wpn_npc_blazter" />
	<model path="units/pd2_dlc_gitgud/weapons/wpn_npc_blazter/wpn_npc_blazter" />	
	<cooked_physics path="units/pd2_dlc_gitgud/weapons/wpn_npc_blazter/wpn_npc_blazter"/>

	<texture path="units/pd2_dlc_gitgud/weapons/wpn_npc_blazter/wpn_npc_blazter_df" />	
	<texture path="units/pd2_dlc_gitgud/weapons/wpn_npc_blazter/wpn_npc_blazter_nm" />	
	<texture path="units/pd2_dlc_gitgud/weapons/wpn_npc_blazter/wpn_npc_blazter_il" />	
	
	<unit path="units/pd2_dlc_gitgud/weapons/wpn_npc_lazer/wpn_npc_lazer" load="true"/>
	<material_config path="units/pd2_dlc_gitgud/weapons/wpn_npc_lazer/wpn_npc_lazer"/>	
	<object path="units/pd2_dlc_gitgud/weapons/wpn_npc_lazer/wpn_npc_lazer" />
	<model path="units/pd2_dlc_gitgud/weapons/wpn_npc_lazer/wpn_npc_lazer" />	
	<cooked_physics path="units/pd2_dlc_gitgud/weapons/wpn_npc_lazer/wpn_npc_lazer"/>	
	<sequence_manager path="units/pd2_dlc_gitgud/weapons/wpn_npc_lazer/wpn_npc_lazer"/>
	
	<texture path="units/pd2_dlc_gitgud/weapons/wpn_npc_lazer/wpn_npc_smoke_df" />	
	<texture path="units/pd2_dlc_gitgud/weapons/wpn_npc_lazer/wpn_npc_smoke_il" />
	
	<unit path="units/payday2/weapons/wpn_npc_xkill/wpn_npc_xkill" load="true"/>
	<material_config path="units/payday2/weapons/wpn_npc_xkill/wpn_npc_xkill"/>
	<material_config path="units/payday2/weapons/wpn_npc_xkill/wpn_npc_xkill_contour"/>		
	<object path="units/payday2/weapons/wpn_npc_xkill/wpn_npc_xkill" />
	<model path="units/payday2/weapons/wpn_npc_xkill/wpn_npc_xkill" />	
	<cooked_physics path="units/payday2/weapons/wpn_npc_xkill/wpn_npc_xkill"/>	
	<sequence_manager path="units/payday2/weapons/wpn_npc_xkill/wpn_npc_xkill"/>

	<unit path="units/payday2/weapons/wpn_npc_xkill/wpn_npc_x_xkill" load="true"/>
	
	<texture path="units/payday2/weapons/wpn_npc_xkill/xkill_df" />
	<texture path="units/payday2/weapons/wpn_npc_xkill/xkill_nm" />

	<unit path="units/pd2_mod_psc/weapons/wpn_npc_quagmire/wpn_npc_quagmire" load="true"/>
	<material_config path="units/pd2_mod_psc/weapons/wpn_npc_quagmire/wpn_npc_quagmire"/>	
	<object path="units/pd2_mod_psc/weapons/wpn_npc_quagmire/wpn_npc_quagmire" />
	<model path="units/pd2_mod_psc/weapons/wpn_npc_quagmire/wpn_npc_quagmire" />	
	<cooked_physics path="units/pd2_mod_psc/weapons/wpn_npc_quagmire/wpn_npc_quagmire"/>	
	<sequence_manager path="units/pd2_mod_psc/weapons/wpn_npc_quagmire/wpn_npc_quagmire"/>

	<df_nm path="units/pd2_mod_psc/weapons/wpn_npc_quagmire/wpn_npc_quagmire" />
	
	<unit path="units/payday2/weapons/wpn_npc_galil/wpn_npc_galil" load="true"/>
	<material_config path="units/payday2/weapons/wpn_npc_galil/wpn_npc_galil"/>	
	<object path="units/payday2/weapons/wpn_npc_galil/wpn_npc_galil" />
	<model path="units/payday2/weapons/wpn_npc_galil/wpn_npc_galil" />	
	<cooked_physics path="units/payday2/weapons/wpn_npc_galil/wpn_npc_galil"/>	
	<sequence_manager path="units/payday2/weapons/wpn_npc_galil/wpn_npc_galil"/>

	<texture path="units/payday2/weapons/wpn_npc_galil/galil_df" />
	<texture path="units/payday2/weapons/wpn_npc_galil/galil_nm" />
	
	<unit path="units/pd2_dlc_drm/weapons/wpn_npc_silserbu/wpn_npc_silserbu" load="true"/>
	<material_config path="units/pd2_dlc_drm/weapons/wpn_npc_silserbu/wpn_npc_silserbu"/>	
	<object path="units/pd2_dlc_drm/weapons/wpn_npc_silserbu/wpn_npc_silserbu" />
	<model path="units/pd2_dlc_drm/weapons/wpn_npc_silserbu/wpn_npc_silserbu" />	
	<cooked_physics path="units/pd2_dlc_drm/weapons/wpn_npc_silserbu/wpn_npc_silserbu"/>	
	<sequence_manager path="units/pd2_dlc_drm/weapons/wpn_npc_silserbu/wpn_npc_silserbu"/>

	<texture path="units/pd2_dlc_drm/weapons/wpn_npc_silserbu/silserbu_df" />
	<texture path="units/pd2_dlc_drm/weapons/wpn_npc_silserbu/silserbu_nm" />
	
	<unit path="units/pd2_dlc_gitgud/characters/ene_acc_glowstick/ene_acc_glowstick" load="true"/>
	<object path="units/pd2_dlc_gitgud/characters/ene_acc_glowstick/ene_acc_glowstick" />
	<material_config path="units/pd2_dlc_gitgud/characters/ene_acc_glowstick/ene_acc_glowstick" />
	<model path="units/pd2_dlc_gitgud/characters/ene_acc_glowstick/ene_acc_glowstick" />
	<texture path="units/pd2_dlc_gitgud/characters/ene_acc_glowstick/glowstick_df" />
	<texture path="units/pd2_dlc_gitgud/characters/ene_acc_glowstick/glowstick_il" />

	<!--ZEAL/CRIME SPREE BULLDOZER MOTHAFUCKAS-->	
	<material_config path="units/pd2_dlc_drm/characters/ene_bulldozer_medic/ene_bulldozer_medic" force="true"/>
	<texture path="units/pd2_dlc_drm/characters/ene_bulldozer_medic/ene_bulldozer_medic_df" force="true"/>
	<material_config path="units/pd2_dlc_drm/characters/ene_bulldozer_minigun/ene_bulldozer_minigun" force="true"/>
	<texture path="units/pd2_dlc_drm/characters/ene_bulldozer_minigun/ene_bulldozer_minigun_df" force="true"/>
	<texture path="units/pd2_dlc_drm/characters/ene_bulldozer_minigun/ene_bulldozer_minigun_il" load="true"/>
	
	<!--crime spree smg heavy-->
	<unit path="units/pd2_dlc_drm/characters/ene_fbi_heavy_ump/ene_fbi_heavy_ump" load="true"/>
	<unit path="units/pd2_dlc_drm/characters/ene_fbi_heavy_ump/ene_fbi_heavy_ump_husk" load="true"/>	
	<material_config path="units/pd2_dlc_drm/characters/ene_fbi_heavy_ump/ene_fbi_heavy_ump"/>
	<material_config path="units/pd2_dlc_drm/characters/ene_fbi_heavy_ump/ene_fbi_heavy_ump_contour"/>	
	<object path="units/pd2_dlc_drm/characters/ene_fbi_heavy_ump/ene_fbi_heavy_ump" />
	<model path="units/pd2_dlc_drm/characters/ene_fbi_heavy_ump/ene_fbi_heavy_ump" />	
	<cooked_physics path="units/pd2_dlc_drm/characters/ene_fbi_heavy_ump/ene_fbi_heavy_ump"/>

	<!--saiga gensec swat-->
	<unit path="units/pd2_dlc_drm/characters/ene_city_swat_saiga/ene_city_swat_saiga" load="true"/>
	<unit path="units/pd2_dlc_drm/characters/ene_city_swat_saiga/ene_city_swat_saiga_husk" load="true"/>	
	<material_config path="units/pd2_dlc_drm/characters/ene_city_swat_saiga/ene_city_swat_saiga"/>
	<material_config path="units/pd2_dlc_drm/characters/ene_city_swat_saiga/ene_city_swat_saiga_contour"/>	
	<object path="units/pd2_dlc_drm/characters/ene_city_swat_saiga/ene_city_swat_saiga" />
	<model path="units/pd2_dlc_drm/characters/ene_city_swat_saiga/ene_city_swat_saiga" />	
	<cooked_physics path="units/pd2_dlc_drm/characters/ene_city_swat_saiga/ene_city_swat_saiga"/>

	<!--heavy cloaker-->
	<unit path="units/pd2_dlc_drm/characters/ene_spook_heavy/ene_spook_heavy" load="true"/>
	<unit path="units/pd2_dlc_drm/characters/ene_spook_heavy/ene_spook_heavy_husk" load="true"/>	
	<material_config path="units/pd2_dlc_drm/characters/ene_spook_heavy/ene_spook_heavy"/>
	<material_config path="units/pd2_dlc_drm/characters/ene_spook_heavy/ene_spook_heavy_contour"/>	
	<object path="units/pd2_dlc_drm/characters/ene_spook_heavy/ene_spook_heavy" />
	<sequence_manager path="units/pd2_dlc_drm/characters/ene_spook_heavy/ene_spook_heavy" />	
	<model path="units/pd2_dlc_drm/characters/ene_spook_heavy/ene_spook_heavy" />	
	<cooked_physics path="units/pd2_dlc_drm/characters/ene_spook_heavy/ene_spook_heavy"/>

	<texture path="units/pd2_dlc_drm/characters/ene_spook_heavy/nvg_df"/>
	<texture path="units/pd2_dlc_drm/characters/ene_spook_heavy/nvg_nm"/>
	<texture path="units/pd2_dlc_drm/characters/ene_spook_heavy/spook_il"/>
	<texture path="units/pd2_dlc_drm/characters/ene_spook_heavy/spookyboy_df"/>
	<effect path="units/pd2_dlc_drm/characters/ene_spook_heavy/spooky_glow"/>

	<!--heavy taser-->
	<unit path="units/pd2_dlc_drm/characters/ene_taser_heavy/ene_taser_heavy" load="true"/>
	<unit path="units/pd2_dlc_drm/characters/ene_taser_heavy/ene_taser_heavy_husk" load="true"/>	
	<material_config path="units/pd2_dlc_drm/characters/ene_taser_heavy/ene_taser_heavy"/>
	<material_config path="units/pd2_dlc_drm/characters/ene_taser_heavy/ene_taser_heavy_contour"/>	
	<object path="units/pd2_dlc_drm/characters/ene_taser_heavy/ene_taser_heavy" />
	<model path="units/pd2_dlc_drm/characters/ene_taser_heavy/ene_taser_heavy" />	
	<cooked_physics path="units/pd2_dlc_drm/characters/ene_taser_heavy/ene_taser_heavy"/>
	
	<unit_mat path="units/pd2_dlc_drm/characters/ene_acc_taser_heavy/ene_acc_taser_heavy" load="true"/>	
	<cooked_physics path="units/pd2_dlc_drm/characters/ene_acc_taser_heavy/ene_acc_taser_heavy"/>
	
	<texture path="units/pd2_dlc_drm/characters/ene_taser_heavy/heavy_taser_df"/>
	<texture path="units/pd2_dlc_drm/characters/ene_taser_heavy/heavy_taser_head_df"/>
	<texture path="units/pd2_dlc_drm/characters/ene_taser_heavy/heavy_taser_head_nm"/>

	<!--heavy medics-->
	<unit path="units/pd2_dlc_drm/characters/ene_medic_heavy_m4/ene_medic_heavy_m4" load="true"/>
	<unit path="units/pd2_dlc_drm/characters/ene_medic_heavy_m4/ene_medic_heavy_m4_husk" load="true"/>	
	<material_config path="units/pd2_dlc_drm/characters/ene_medic_heavy_m4/ene_medic_heavy_m4"/>
	<material_config path="units/pd2_dlc_drm/characters/ene_medic_heavy_m4/ene_medic_heavy_m4_contour"/>	
	<object path="units/pd2_dlc_drm/characters/ene_medic_heavy_m4/ene_medic_heavy_m4" />
	<model path="units/pd2_dlc_drm/characters/ene_medic_heavy_m4/ene_medic_heavy_m4" />	
	<cooked_physics path="units/pd2_dlc_drm/characters/ene_medic_heavy_m4/ene_medic_heavy_m4"/>
	
	<unit_mat path="units/pd2_dlc_drm/characters/ene_acc_medic_heavy/ene_acc_medic_heavy" load="true"/>	
	<cooked_physics path="units/pd2_dlc_drm/characters/ene_acc_medic_heavy/ene_acc_medic_heavy"/>
	
	<texture path="units/pd2_dlc_drm/characters/ene_medic_heavy_m4/heavy_medic_df"/>
	<texture path="units/pd2_dlc_drm/characters/ene_medic_heavy_r870/heavy_medic_df"/>
	<texture path="units/pd2_dlc_drm/characters/ene_medic_heavy_m4/heavy_medic_nm"/>
	<texture path="units/pd2_dlc_drm/characters/ene_medic_heavy_m4/heavy_medic_head_df"/>
	<texture path="units/pd2_dlc_drm/characters/ene_medic_heavy_r870/heavy_medic_head_df"/>
	<texture path="units/pd2_dlc_drm/characters/ene_medic_heavy_m4/heavy_medic_head_nm"/>

	<unit path="units/pd2_dlc_drm/characters/ene_medic_heavy_r870/ene_medic_heavy_r870" load="true"/>
	<unit path="units/pd2_dlc_drm/characters/ene_medic_heavy_r870/ene_medic_heavy_r870_husk" load="true"/>	
	<material_config path="units/pd2_dlc_drm/characters/ene_medic_heavy_r870/ene_medic_heavy_r870"/>
	<material_config path="units/pd2_dlc_drm/characters/ene_medic_heavy_r870/ene_medic_heavy_r870_contour"/>	
	<object path="units/pd2_dlc_drm/characters/ene_medic_heavy_r870/ene_medic_heavy_r870" />
	<model path="units/pd2_dlc_drm/characters/ene_medic_heavy_r870/ene_medic_heavy_r870" />	
	<cooked_physics path="units/pd2_dlc_drm/characters/ene_medic_heavy_r870/ene_medic_heavy_r870"/>	
	
	<!--Goodbye Bronco SWAT :( (Crackdown Medic)-->
	<unit path="units/pd2_dlc_drm/characters/ene_medic_carkdown/ene_medic_carkdown" load="true"/>
	<unit path="units/pd2_dlc_drm/characters/ene_medic_carkdown/ene_medic_carkdown_husk" load="true"/>	
	<material_config path="units/pd2_dlc_drm/characters/ene_medic_carkdown/ene_medic_carkdown"/>
	<material_config path="units/pd2_dlc_drm/characters/ene_medic_carkdown/ene_medic_carkdown_contour"/>	
	<object path="units/pd2_dlc_drm/characters/ene_medic_carkdown/ene_medic_carkdown" />
	<model path="units/pd2_dlc_drm/characters/ene_medic_carkdown/ene_medic_carkdown" />	
	<cooked_physics path="units/pd2_dlc_drm/characters/ene_medic_carkdown/ene_medic_carkdown"/>
		
	<texture path="units/pd2_dlc_drm/characters/ene_medic_carkdown/ene_medic_head_df"/>
	<texture path="units/pd2_dlc_drm/characters/ene_medic_carkdown/ene_medic_df"/>
	
	<unit_mat path="units/pd2_dlc_drm/characters/ene_acc_carkdown_medic_helmet/ene_acc_carkdown_medic_helmet" load="true"/>		
	<cooked_physics path="units/pd2_dlc_drm/characters/ene_acc_carkdown_medic_helmet/ene_acc_carkdown_medic_helmet" />	

	<!--Classic Heavy Shield ty jarey <33333-->	
	<unit path="units/pd2_dlc_drm/characters/ene_acc_classic_shield/ene_acc_classic_shield" load="true"/>
	<material_config path="units/pd2_dlc_drm/characters/ene_acc_classic_shield/ene_acc_classic_shield"/>
	<object path="units/pd2_dlc_drm/characters/ene_acc_classic_shield/ene_acc_classic_shield" />
	<sequence_manager path="units/pd2_dlc_drm/characters/ene_acc_classic_shield/ene_acc_classic_shield" />	
	<model path="units/pd2_dlc_drm/characters/ene_acc_classic_shield/ene_acc_classic_shield" />	
	<cooked_physics path="units/pd2_dlc_drm/characters/ene_acc_classic_shield/ene_acc_classic_shield"/>	
	
	<texture path="units/pd2_dlc_drm/characters/ene_acc_classic_shield/ene_acc_classic_shield_df"/>

	<unit path="units/pd2_dlc_drm/characters/ene_shield_heavy/ene_shield_heavy" load="true"/>
	<unit path="units/pd2_dlc_drm/characters/ene_shield_heavy/ene_shield_heavy_husk" load="true"/>	
	<material_config path="units/pd2_dlc_drm/characters/ene_shield_heavy/ene_shield_heavy"/>
	<material_config path="units/pd2_dlc_drm/characters/ene_shield_heavy/ene_shield_heavy_contour"/>	
	<object path="units/pd2_dlc_drm/characters/ene_shield_heavy/ene_shield_heavy" />
	<model path="units/pd2_dlc_drm/characters/ene_shield_heavy/ene_shield_heavy" />	
	<cooked_physics path="units/pd2_dlc_drm/characters/ene_shield_heavy/ene_shield_heavy"/>
	
	<texture path="units/pd2_dlc_drm/characters/ene_shield_heavy/shield_body_df"/>
	<texture path="units/pd2_dlc_drm/characters/ene_shield_heavy/classic2_nm"/>
	<texture path="units/pd2_dlc_drm/characters/ene_shield_heavy/mask_df"/>	
	
	<!-- that zeal light has armor!!!-->
	<unit path="units/pd2_dlc_drm/characters/ene_zeal_armored_light/ene_zeal_armored_light" load="true"/>
	<unit path="units/pd2_dlc_drm/characters/ene_zeal_armored_light/ene_zeal_armored_light_husk" load="true"/>	
	<material_config path="units/pd2_dlc_drm/characters/ene_zeal_armored_light/ene_zeal_armored_light"/>
	<material_config path="units/pd2_dlc_drm/characters/ene_zeal_armored_light/ene_zeal_armored_light_contour"/>	
	<object path="units/pd2_dlc_drm/characters/ene_zeal_armored_light/ene_zeal_armored_light" />
	<model path="units/pd2_dlc_drm/characters/ene_zeal_armored_light/ene_zeal_armored_light" />	
	<cooked_physics path="units/pd2_dlc_drm/characters/ene_zeal_armored_light/ene_zeal_armored_light"/>
	
	<!-- armord snipars-->
	<unit path="units/pd2_dlc_drm/characters/ene_sniper_heavy/ene_sniper_heavy" load="true"/>
	<unit path="units/pd2_dlc_drm/characters/ene_sniper_heavy/ene_sniper_heavy_husk" load="true"/>	
	<material_config path="units/pd2_dlc_drm/characters/ene_sniper_heavy/ene_sniper_heavy"/>
	<material_config path="units/pd2_dlc_drm/characters/ene_sniper_heavy/ene_sniper_heavy_contour"/>	
	<object path="units/pd2_dlc_drm/characters/ene_sniper_heavy/ene_sniper_heavy" />
	<model path="units/pd2_dlc_drm/characters/ene_sniper_heavy/ene_sniper_heavy" />	
	<cooked_physics path="units/pd2_dlc_drm/characters/ene_sniper_heavy/ene_sniper_heavy"/>
	
	<texture path="units/pd2_dlc_drm/characters/ene_sniper_heavy/swat_heavy_il" />
	<texture path="units/pd2_dlc_drm/characters/ene_sniper_heavy/helmets_atlas_il" />
	<!--Lol Trole-->

	<!--OVK MC Mangler-->
	<unit path="units/pd2_dlc_drm/characters/ene_ovk_mangler/ene_ovk_mangler" load="true"/>
	<unit path="units/pd2_dlc_drm/characters/ene_ovk_mangler/ene_ovk_mangler" load="true"/>	
	<material_config path="units/pd2_dlc_drm/characters/ene_ovk_mangler/ene_ovk_mangler"/>
	<material_config path="units/pd2_dlc_drm/characters/ene_ovk_mangler/ene_ovk_mangler_contour"/>	
	<object path="units/pd2_dlc_drm/characters/ene_ovk_mangler/ene_ovk_mangler" />
	<model path="units/pd2_dlc_drm/characters/ene_ovk_mangler/ene_ovk_mangler" />	
	<cooked_physics path="units/pd2_dlc_drm/characters/ene_ovk_mangler/ene_ovk_mangler"/>
	<texture path="units/pd2_dlc_drm/characters/ene_ovk_mangler/mangler_body_df" />
	<texture path="units/pd2_dlc_drm/characters/ene_ovk_mangler/mangler_helmet_df" />
	
	<unit path="units/pd2_dlc_drm/weapons/wpn_npc_m37/wpn_npc_m37" load="true"/>
	<material_config path="units/pd2_dlc_drm/weapons/wpn_npc_m37/wpn_npc_m37"/>	
	<object path="units/pd2_dlc_drm/weapons/wpn_npc_m37/wpn_npc_m37" />
	<model path="units/pd2_dlc_drm/weapons/wpn_npc_m37/wpn_npc_m37" />	
	<cooked_physics path="units/pd2_dlc_drm/weapons/wpn_npc_m37/wpn_npc_m37"/>	
	<sequence_manager path="units/pd2_dlc_drm/weapons/wpn_npc_m37/wpn_npc_m37"/>

	<texture path="units/pd2_dlc_drm/weapons/wpn_npc_m37/wpn_npc_m37_df" />
	
	<unit path="units/pd2_mod_psc/weapons/wpn_npc_chernobog/wpn_npc_chernobog" load="true"/>
	<material_config path="units/pd2_mod_psc/weapons/wpn_npc_chernobog/wpn_npc_chernobog"/>	
	<object path="units/pd2_mod_psc/weapons/wpn_npc_chernobog/wpn_npc_chernobog" />
	<model path="units/pd2_mod_psc/weapons/wpn_npc_chernobog/wpn_npc_chernobog" />	
	<cooked_physics path="units/pd2_mod_psc/weapons/wpn_npc_chernobog/wpn_npc_chernobog"/>	
	<sequence_manager path="units/pd2_mod_psc/weapons/wpn_npc_chernobog/wpn_npc_chernobog"/>

	<texture path="units/pd2_mod_psc/weapons/wpn_npc_chernobog/chernobog_df" />
	
	<!--sniperdozer-->
	<unit path="units/pd2_dlc_drm/characters/ene_bulldozer_sniper/ene_bulldozer_sniper" load="true"/>
	<sequence_manager path="units/pd2_dlc_drm/characters/ene_bulldozer_sniper/ene_bulldozer_sniper" />	
	<unit path="units/pd2_dlc_drm/characters/ene_bulldozer_sniper/ene_bulldozer_sniper_husk" load="true"/>	
	<material_config path="units/pd2_dlc_drm/characters/ene_bulldozer_sniper/ene_bulldozer_sniper"/>
	<material_config path="units/pd2_dlc_drm/characters/ene_bulldozer_sniper/ene_bulldozer_sniper_contour"/>	
	<object path="units/pd2_dlc_drm/characters/ene_bulldozer_sniper/ene_bulldozer_sniper" />
	<model path="units/pd2_dlc_drm/characters/ene_bulldozer_sniper/ene_bulldozer_sniper" />	
	<cooked_physics path="units/pd2_dlc_drm/characters/ene_bulldozer_sniper/ene_bulldozer_sniper"/>
	
	<unit_mat path="units/pd2_dlc_drm/characters/ene_acc_bulldozer_sniper/ene_acc_bulldozer_sniper_cap/ene_acc_bulldozer_sniper_cap" load="true"/>
    <unit_mat path="units/pd2_dlc_drm/characters/ene_acc_bulldozer_sniper/ene_acc_bulldozer_chest_sniper/ene_acc_bulldozer_chest_sniper" load="true"/>
    <unit_mat path="units/pd2_dlc_drm/characters/ene_acc_bulldozer_sniper/ene_acc_bulldozer_neck_sniper/ene_acc_bulldozer_neck_sniper" load="true"/>
    <unit_mat path="units/pd2_dlc_drm/characters/ene_acc_bulldozer_sniper/ene_acc_bulldozer_stomache_sniper/ene_acc_bulldozer_stomache_sniper" load="true"/>
    <unit_mat path="units/pd2_dlc_drm/characters/ene_acc_bulldozer_sniper/ene_acc_bulldozer_throat_sniper/ene_acc_bulldozer_throat_sniper" load="true"/>
	
	<texture path="units/pd2_dlc_drm/characters/ene_bulldozer_sniper/snozer_cap_df"/>
	<texture path="units/pd2_dlc_drm/characters/ene_bulldozer_sniper/snozer_cap_nm"/>
	<texture path="units/pd2_dlc_drm/characters/ene_bulldozer_sniper/snozer_df"/>
	
	<texture path="units/pd2_dlc_drm/characters/ene_true_lotus_master/lotusbody" load="true"/>
	<texture path="units/pd2_dlc_drm/characters/ene_true_lotus_master/lotuseye" load="true"/>
	
	
	
	<unit path="units/pd2_dlc_drm/characters/ene_true_lotus_master/ene_true_lotus_master" load="true"/>
	<unit path="units/pd2_dlc_drm/characters/ene_true_lotus_master/ene_true_lotus_master_husk" load="true"/>	
	<material_config path="units/pd2_dlc_drm/characters/ene_true_lotus_master/ene_true_lotus_master"/>
	<material_config path="units/pd2_dlc_drm/characters/ene_true_lotus_master/ene_true_lotus_master_contour"/>	
	<object path="units/pd2_dlc_drm/characters/ene_true_lotus_master/ene_true_lotus_master" />
	<model path="units/pd2_dlc_drm/characters/ene_true_lotus_master/ene_true_lotus_master" />	
	<cooked_physics path="units/pd2_dlc_drm/characters/ene_true_lotus_master/ene_true_lotus_master"/>
	
	<unit path="units/pd2_mod_winters/ene_acc_lotus_master_petal/ene_acc_lotus_master_petal" load="true"/>
	<material_config path="units/pd2_mod_winters/ene_acc_lotus_master_petal/ene_acc_lotus_master_petal"/>
	<object path="units/pd2_mod_winters/ene_acc_lotus_master_petal/ene_acc_lotus_master_petal" />
	<model path="units/pd2_mod_winters/ene_acc_lotus_master_petal/ene_acc_lotus_master_petal" />
	<texture path="units/pd2_mod_winters/ene_acc_lotus_master_petal/petals" />	
	
	<unit path="units/pd2_dlc_drm/weapons/wpn_em_disruptor/wpn_em_disruptor" load="true"/>
	<material_config path="units/pd2_dlc_drm/weapons/wpn_em_disruptor/wpn_em_disruptor"/>	
	<object path="units/pd2_dlc_drm/weapons/wpn_em_disruptor/wpn_em_disruptor" />
	<model path="units/pd2_dlc_drm/weapons/wpn_em_disruptor/wpn_em_disruptor" />	
	<cooked_physics path="units/pd2_dlc_drm/weapons/wpn_em_disruptor/wpn_em_disruptor"/>	
	<sequence_manager path="units/pd2_dlc_drm/weapons/wpn_em_disruptor/wpn_em_disruptor"/>
	
	<unit path="units/pd2_dlc_drm/weapons/wpn_gas_smoke/wpn_gas_smoke" load="true"/>
	
	<unit path="units/pd2_dlc_drm/weapons/wpn_frag_bouncer/wpn_frag_bouncer" load="true"/>
	<material_config path="units/pd2_dlc_drm/weapons/wpn_frag_bouncer/wpn_frag_bouncer"/>	
	<object path="units/pd2_dlc_drm/weapons/wpn_frag_bouncer/wpn_frag_bouncer" />
	<model path="units/pd2_dlc_drm/weapons/wpn_frag_bouncer/wpn_frag_bouncer" />	
	<cooked_physics path="units/pd2_dlc_drm/weapons/wpn_frag_bouncer/wpn_frag_bouncer"/>	
	<sequence_manager path="units/pd2_dlc_drm/weapons/wpn_frag_bouncer/wpn_frag_bouncer"/>
	<texture path="units/pd2_dlc_drm/weapons/wpn_frag_bouncer/flashbang_df" force="false"/>
	<texture path="units/pd2_dlc_drm/weapons/wpn_frag_bouncer/flashbang_nm" force="false"/>
	
	<texture path="effects/pd2_mod_hh/particles/textures/effects_atlas" load="true" />
	<texture path="effects/pd2_mod_hh/particles/textures/add_atlas_df" load="true" />
	<texture path="effects/pd2_mod_hh/particles/textures/taser_glint" load="true" />
	<texture path="effects/pd2_mod_hh/particles/textures/marauderspooc_glint" load="true" />
	<texture path="effects/pd2_mod_hh/particles/textures/glint" load="true" />
	<texture path="effects/pd2_mod_hh/particles/textures/shield" load="true" />
	<texture path="units/lights/pd2_hh_flashlight_proj/flashlight_player" load="true" />
	<effect path="effects/payday2/particles/weapons/arrow_trail" force="true"/>
	<effect path="effects/payday2/particles/weapons/arrow_trail_homing"/>
	<effect path="effects/particles/weapons/flashlight/flashlight" force="true"/>
	<effect path="effects/particles/weapons/flashlight/flashlight_mp9" load="true"/>
	<texture path="effects/pd2_mod_hh/particles/character/playerscreen/textures/literally_a_square" load="true"/>
	<effect path="effects/pd2_mod_hh/particles/character/playerscreen/hurt_screen" />
	<texture path="effects/pd2_mod_hh/particles/character/playerscreen/textures/hurt_screen_df" load="true"/>
	<effect path="effects/pd2_mod_hh/particles/character/playerscreen/conc_floaties" />
	<texture path="effects/pd2_mod_hh/particles/character/playerscreen/textures/floaties_df" load="true" />
	<effect path="effects/pd2_mod_hh/particles/character/playerscreen/mangle_screen" />
	<texture path="effects/pd2_mod_hh/particles/character/playerscreen/textures/mangle_screen_df" load="true" />
	<effect path="effects/pd2_mod_hh/particles/character/gore_explosion"/>
	<effect path="effects/pd2_mod_hh/particles/character/shield_break"/>
	<effect path="effects/pd2_mod_hh/particles/character/prefire_glint"/>
	<effect path="effects/pd2_mod_hh/particles/character/pretase_glint"/>
	<effect path="effects/pd2_mod_hh/particles/character/taser_warning"/>
	<effect path="effects/pd2_mod_hh/particles/character/marauderspooc_glint"/>
	<effect path="effects/pd2_mod_hh/particles/character/taser_hit"/>
	<effect path="effects/pd2_mod_hh/particles/weapons/explosion/electric_explosion"/>
	<effect path="effects/pd2_mod_hh/particles/weapons/explosion/bouncer_explosion"/>
	<effect path="effects/pd2_mod_hh/particles/weapons/explosion/smoke_hh_anarchy"/>
	<effect path="effects/pd2_mod_hh/particles/weapons/explosion/smoke_hh_complex"/>
	<effect path="effects/pd2_mod_hh/particles/weapons/explosion/cs_gas_hh"/>
	<effect path="effects/pd2_mod_hh/particles/weapons/lotus_passive"/>
	<effect path="effects/pd2_mod_hh/particles/weapons/lazer_passive"/>
	<effect path="effects/pd2_mod_hh/particles/weapons/bouncer_passive"/>
	<effect path="effects/pd2_mod_hh/particles/character/punk_effect"/>
	<effect path="effects/pd2_mod_hh/particles/character/punk_effect_void"/>
	<effect path="effects/pd2_mod_hh/particles/weapons/genstreaks/hivis_streak"/>
	<effect path="effects/pd2_mod_hh/particles/weapons/genstreaks/lotus_streak"/>
	<effect path="effects/pd2_mod_hh/particles/weapons/genstreaks/novis_streak"/>
	<effect path="effects/pd2_mod_hh/particles/weapons/genstreaks/healstop_streak"/>
	<effect path="effects/pd2_mod_hh/particles/weapons/smstreaks/long_streak_b"/>
	<effect path="effects/pd2_mod_hh/particles/weapons/smstreaks/long_streak_r"/>
	<effect path="effects/pd2_mod_hh/particles/weapons/muzzles/hivis_muzzle"/>
	<effect path="effects/pd2_mod_hh/particles/weapons/muzzles/lotus_muzzle"/>
	<effect path="effects/pd2_mod_hh/particles/weapons/muzzles/hivis_muzzle_shotgun_civil"/>
	<effect path="effects/pd2_mod_hh/particles/weapons/muzzles/hivis_muzzle_shotgun_complexup"/>
	<effect path="effects/pd2_mod_hh/particles/weapons/muzzles/red_muzzle"/>
	<effect path="effects/pd2_mod_hh/particles/weapons/muzzles/blue_muzzle"/>
	<effect path="effects/pd2_mod_hh/particles/weapons/muzzles/hivis_muzzle_shotgun_mangler"/>
	
	<effect path="effects/pd2_mod_hh/particles/iconograph/deathresist"/>
	
	<texture path="guis/textures/loading/hints/hh_ninjas" force="false"/>
	<texture path="guis/textures/loading/hints/hh_shotgunners" force="false"/>
	<texture path="guis/textures/loading/hints/hh_punks" force="false"/>
	<texture path="guis/textures/loading/hints/enemy_zeal" force="true"/>
	<texture path="guis/textures/pd2/mission_briefing/assets/assets_risklevel_6_hh" force="false"/>
	<!--<texture path="guis/dlcs/cee/textures/pd2/crime_spree/modifiers_atlas" force="true"/>
	<texture path="guis/dlcs/drm/textures/pd2/crime_spree/modifiers_atlas_2" force="true"/>-->
	<texture path="guis/dlcs/drm/textures/pd2/crime_spree/modifier_magnetstorm" force="false"/>
	<texture path="guis/dlcs/drm/textures/pd2/crime_spree/modifier_aggro" force="false"/>
	<texture path="guis/dlcs/drm/textures/pd2/crime_spree/modifier_bouncer" force="false"/>
	<texture path="guis/dlcs/drm/textures/pd2/crime_spree/modifier_zealot" force="false"/>
	<texture path="guis/dlcs/drm/textures/pd2/crime_spree/modifier_telespooc" force="false"/>
	<texture path="guis/dlcs/drm/textures/pd2/crime_spree/modifier_shoryu" force="false"/>
	<texture path="guis/dlcs/drm/textures/pd2/crime_spree/modifier_saigasec" force="false"/>
	<texture path="guis/dlcs/drm/textures/pd2/crime_spree/modifier_lotus" force="false"/>
	<texture path="guis/dlcs/drm/textures/pd2/crime_spree/modifier_difficultyspike" force="false"/>
	<texture path="guis/dlcs/drm/textures/pd2/crime_spree/modifier_ftsudozer" force="false"/>
	<texture path="guis/dlcs/drm/textures/pd2/crime_spree/modifier_bronconinja" force="false"/>

	<!--Gensec Ninja M4-->
	<unit path="units/pd2_mod_ftsu/characters/ene_gensec_fbigod_m4/ene_gensec_fbigod_m4" load="true"/>
	<unit path="units/pd2_mod_ftsu/characters/ene_gensec_fbigod_m4/ene_gensec_fbigod_m4_husk" load="true"/>	
	<material_config path="units/pd2_mod_ftsu/characters/ene_gensec_fbigod_m4/ene_gensec_fbigod_m4"/>
	<material_config path="units/pd2_mod_ftsu/characters/ene_gensec_fbigod_m4/ene_gensec_fbigod_m4_contour"/>	
	<object path="units/pd2_mod_ftsu/characters/ene_gensec_fbigod_m4/ene_gensec_fbigod_m4" />
	<model path="units/pd2_mod_ftsu/characters/ene_gensec_fbigod_m4/ene_gensec_fbigod_m4" />	
	<cooked_physics path="units/pd2_mod_ftsu/characters/ene_gensec_fbigod_m4/ene_gensec_fbigod_m4"/>	

	<unit_mat path="units/pd2_mod_ftsu/characters/ene_acc_gensec_beret/ene_acc_gensec_beret" load="true"/>
	<cooked_physics path="units/pd2_mod_ftsu/characters/ene_acc_gensec_beret/ene_acc_gensec_beret"/>	
	
	<!--Gensec Ninja C45-->
	<unit path="units/pd2_mod_ftsu/characters/ene_gensec_fbigod_c45/ene_gensec_fbigod_c45" load="true"/>
	<unit path="units/pd2_mod_ftsu/characters/ene_gensec_fbigod_c45/ene_gensec_fbigod_c45_husk" load="true"/>
	<material_config path="units/pd2_mod_ftsu/characters/ene_gensec_fbigod_c45/ene_gensec_fbigod_c45"/>
	<material_config path="units/pd2_mod_ftsu/characters/ene_gensec_fbigod_c45/ene_gensec_fbigod_c45_contour"/>	
	<object path="units/pd2_mod_ftsu/characters/ene_gensec_fbigod_c45/ene_gensec_fbigod_c45" />
	<model path="units/pd2_mod_ftsu/characters/ene_gensec_fbigod_c45/ene_gensec_fbigod_c45" />	
	<cooked_physics path="units/pd2_mod_ftsu/characters/ene_gensec_fbigod_c45/ene_gensec_fbigod_c45"/>

	<!--GenSec (you capitalize the S motherfckers) guards-->
	<unit path="units/pd2_mod_ftsu/characters/ene_gensec_fbiguard_c45/ene_gensec_fbiguard_c45" load="true"/>
	<unit path="units/pd2_mod_ftsu/characters/ene_gensec_fbiguard_c45/ene_gensec_fbiguard_c45_husk" load="true"/>
	
	<unit path="units/pd2_mod_ftsu/characters/ene_gensec_fbiguard_sg/ene_gensec_fbiguard_sg" load="true"/>
	<unit path="units/pd2_mod_ftsu/characters/ene_gensec_fbiguard_sg/ene_gensec_fbiguard_sg_husk" load="true"/>
	<model path="units/pd2_mod_ftsu/characters/ene_gensec_fbiguard_sg/ene_gensec_fbiguard_sg" />
	<object path="units/pd2_mod_ftsu/characters/ene_gensec_fbiguard_sg/ene_gensec_fbiguard_sg" />
	<material_config path="units/pd2_mod_ftsu/characters/ene_gensec_fbiguard_sg/ene_gensec_fbiguard_sg" />
	<material_config path="units/pd2_mod_ftsu/characters/ene_gensec_fbiguard_sg/ene_gensec_fbiguard_sg_contour" />
	<cooked_physics path="units/pd2_mod_ftsu/characters/ene_gensec_fbiguard_sg/ene_gensec_fbiguard_sg" />

	<unit path="units/pd2_mod_ftsu/characters/ene_gensec_fbiguard_mp5/ene_gensec_fbiguard_mp5" load="true"/>
	<unit path="units/pd2_mod_ftsu/characters/ene_gensec_fbiguard_mp5/ene_gensec_fbiguard_mp5_husk" load="true"/>
	
	<!--Gensec Sniper-->
	<unit path="units/pd2_mod_ftsu/characters/ene_gensec_sniper/ene_gensec_sniper" load="true"/>
	<unit path="units/pd2_mod_ftsu/characters/ene_gensec_sniper/ene_gensec_sniper_husk" load="true"/>
	<material_config path="units/pd2_mod_ftsu/characters/ene_gensec_sniper/ene_gensec_sniper"/>
	<material_config path="units/pd2_mod_ftsu/characters/ene_gensec_sniper/ene_gensec_sniper_contour"/>	
	<object path="units/pd2_mod_ftsu/characters/ene_gensec_sniper/ene_gensec_sniper" />
	<model path="units/pd2_mod_ftsu/characters/ene_gensec_sniper/ene_gensec_sniper" />	
	<cooked_physics path="units/pd2_mod_ftsu/characters/ene_gensec_sniper/ene_gensec_sniper"/>
	
	<!--Gensec Ninja Cap-->	
	<unit path="units/pd2_mod_ftsu/characters/ene_acc_gensec_cap/ene_acc_gensec_cap" load="true"/>
	<material_config path="units/pd2_mod_ftsu/characters/ene_acc_gensec_cap/ene_acc_gensec_cap"/>	
	<object path="units/pd2_mod_ftsu/characters/ene_acc_gensec_cap/ene_acc_gensec_cap" />
	<model path="units/pd2_mod_ftsu/characters/ene_acc_gensec_cap/ene_acc_gensec_cap" />	
	<cooked_physics path="units/pd2_mod_ftsu/characters/ene_acc_gensec_cap/ene_acc_gensec_cap"/>
		
	<!--gensec bronco punky-->
	<unit path="units/pd2_mod_ftsu/characters/ene_gensec_punk_bronco/ene_gensec_punk_bronco" load="true"/>
	<unit path="units/pd2_mod_ftsu/characters/ene_gensec_punk_bronco/ene_gensec_punk_bronco_husk" load="true"/>
	<material_config path="units/pd2_mod_ftsu/characters/ene_gensec_punk_bronco/ene_gensec_punk_bronco"/>
	<material_config path="units/pd2_mod_ftsu/characters/ene_gensec_punk_bronco/ene_gensec_punk_bronco_contour"/>	
	<object path="units/pd2_mod_ftsu/characters/ene_gensec_punk_bronco/ene_gensec_punk_bronco" />
	<model path="units/pd2_mod_ftsu/characters/ene_gensec_punk_bronco/ene_gensec_punk_bronco" />	
	<cooked_physics path="units/pd2_mod_ftsu/characters/ene_gensec_punk_bronco/ene_gensec_punk_bronco"/>
	
	<!--gensec double-barrel punkerton-->
	<unit path="units/pd2_mod_ftsu/characters/ene_gensec_punk_moss/ene_gensec_punk_moss" load="true"/>
	<unit path="units/pd2_mod_ftsu/characters/ene_gensec_punk_moss/ene_gensec_punk_moss_husk" load="true"/>
	<material_config path="units/pd2_mod_ftsu/characters/ene_gensec_punk_moss/ene_gensec_punk_moss"/>
	<material_config path="units/pd2_mod_ftsu/characters/ene_gensec_punk_moss/ene_gensec_punk_moss_contour"/>	
	<object path="units/pd2_mod_ftsu/characters/ene_gensec_punk_moss/ene_gensec_punk_moss" />
	<model path="units/pd2_mod_ftsu/characters/ene_gensec_punk_moss/ene_gensec_punk_moss" />	
	<cooked_physics path="units/pd2_mod_ftsu/characters/ene_gensec_punk_moss/ene_gensec_punk_moss"/>
	
	<!--gensec mp5 punkerton-->
	<unit path="units/pd2_mod_ftsu/characters/ene_gensec_punk_mp5/ene_gensec_punk_mp5" load="true"/>
	<unit path="units/pd2_mod_ftsu/characters/ene_gensec_punk_mp5/ene_gensec_punk_mp5_husk" load="true"/>
	<material_config path="units/pd2_mod_ftsu/characters/ene_gensec_punk_mp5/ene_gensec_punk_mp5"/>
	<material_config path="units/pd2_mod_ftsu/characters/ene_gensec_punk_mp5/ene_gensec_punk_mp5_contour"/>	
	<object path="units/pd2_mod_ftsu/characters/ene_gensec_punk_mp5/ene_gensec_punk_mp5" />
	<model path="units/pd2_mod_ftsu/characters/ene_gensec_punk_mp5/ene_gensec_punk_mp5" />	
	<cooked_physics path="units/pd2_mod_ftsu/characters/ene_gensec_punk_mp5/ene_gensec_punk_mp5"/>
	
	<!--gangster ninja m4-->
	<unit path="units/payday2/characters/ene_gangster_ninja_m4/ene_gangster_ninja_m4" force="true"/>
	<unit path="units/payday2/characters/ene_gangster_ninja_m4/ene_gangster_ninja_m4_husk" force="true"/>
	<object path="units/payday2/characters/ene_gangster_ninja_m4/ene_gangster_ninja_m4"/>
	<model path="units/payday2/characters/ene_gangster_ninja_m4/ene_gangster_ninja_m4"/>
	<material_config path="units/payday2/characters/ene_gangster_ninja_m4/ene_gangster_ninja_m4"/>
	<material_config path="units/payday2/characters/ene_gangster_ninja_m4/ene_gangster_ninja_m4_contour"/>
	<cooked_physics path="units/payday2/characters/ene_gangster_ninja_m4/ene_gangster_ninja_m4"/>
	
	<texture path="units/payday2/characters/ene_gangster_ninja_m4/body_df"/>
	<!-- <df_nm path="units/payday2/characters/ene_gangster_ninja_m4/head"/> -->
	
	<!--Textures-->	
    <texture path="units/pd2_mod_ftsu/characters/shared_textures/gensec_punk_head_nm" />    	
	<texture path="units/pd2_mod_ftsu/characters/shared_textures/gensec_punk_head_df" />  
	<texture path="units/pd2_mod_ftsu/characters/shared_textures/gensec_punk_df" />  
	<texture path="units/pd2_mod_ftsu/characters/shared_textures/gensec_field_df" />
	<texture path="units/pd2_mod_ftsu/characters/shared_textures/gensec_field_pis_df" />

	<!-- SMILE FOR THE CAMERA, HOTSHOT! -->
	
	<!-- NYPD FELLAS -->
	
	<!--NYPD C45 Cop-->
	<unit path="units/pd2_mod_beatpricks/characters/ene_cop_1/ene_cop_1" load="true"/>
	<unit path="units/pd2_mod_beatpricks/characters/ene_cop_1/ene_cop_1_husk" load="true"/>	
	<material_config path="units/pd2_mod_beatpricks/characters/ene_cop_1/ene_cop_1"/>
	<material_config path="units/pd2_mod_beatpricks/characters/ene_cop_1/ene_cop_1_contour"/>	
	<object path="units/pd2_mod_beatpricks/characters/ene_cop_1/ene_cop_1" />
	<model path="units/pd2_mod_beatpricks/characters/ene_cop_1/ene_cop_1" />	
	<cooked_physics path="units/pd2_mod_beatpricks/characters/ene_cop_1/ene_cop_1"/>	
	
	<!--NYPD Bronk Cop-->
	<unit path="units/pd2_mod_beatpricks/characters/ene_cop_2/ene_cop_2" load="true"/>
	<unit path="units/pd2_mod_beatpricks/characters/ene_cop_2/ene_cop_2_husk" load="true"/>	
	<material_config path="units/pd2_mod_beatpricks/characters/ene_cop_2/ene_cop_2"/>
	<material_config path="units/pd2_mod_beatpricks/characters/ene_cop_2/ene_cop_2_contour"/>	
	<object path="units/pd2_mod_beatpricks/characters/ene_cop_2/ene_cop_2" />
	<model path="units/pd2_mod_beatpricks/characters/ene_cop_2/ene_cop_2" />	
	<cooked_physics path="units/pd2_mod_beatpricks/characters/ene_cop_2/ene_cop_2"/>

	<!--NYPD Mosconi Cop-->
	<unit path="units/pd2_mod_beatpricks/characters/ene_cop_3/ene_cop_3" load="true"/>
	<unit path="units/pd2_mod_beatpricks/characters/ene_cop_3/ene_cop_3_husk" load="true"/>	
	<material_config path="units/pd2_mod_beatpricks/characters/ene_cop_3/ene_cop_3"/>
	<material_config path="units/pd2_mod_beatpricks/characters/ene_cop_3/ene_cop_3_contour"/>	
	<object path="units/pd2_mod_beatpricks/characters/ene_cop_3/ene_cop_3" />
	<model path="units/pd2_mod_beatpricks/characters/ene_cop_3/ene_cop_3" />	
	<cooked_physics path="units/pd2_mod_beatpricks/characters/ene_cop_3/ene_cop_3"/>		

	<!--NYPD MP5 Cop-->
	<unit path="units/pd2_mod_beatpricks/characters/ene_cop_4/ene_cop_4" load="true"/>
	<unit path="units/pd2_mod_beatpricks/characters/ene_cop_4/ene_cop_4_husk" load="true"/>	
	<material_config path="units/pd2_mod_beatpricks/characters/ene_cop_4/ene_cop_4"/>
	<material_config path="units/pd2_mod_beatpricks/characters/ene_cop_4/ene_cop_4_contour"/>	
	<object path="units/pd2_mod_beatpricks/characters/ene_cop_4/ene_cop_4" />
	<model path="units/pd2_mod_beatpricks/characters/ene_cop_4/ene_cop_4" />	
	<cooked_physics path="units/pd2_mod_beatpricks/characters/ene_cop_4/ene_cop_4"/>
	
	<texture path="units/pd2_mod_beatpricks/characters/shared_textures/police_df" />
	
	<!-- THANXS WEKK	 -->	
	<texture path="units/pd2_mod_beatpricks/characters/shared_textures/head_01_df" />	
	<df_nm path="units/pd2_mod_beatpricks/characters/shared_textures/heads_cop" />
	<df_nm path="units/pd2_mod_beatpricks/characters/shared_textures/heads_cop_la" />
	
	<!-- LAPD FELLAS -->
	
	<!--LAPD C45 Cop-->
	<unit path="units/pd2_dlc_rvd/characters/ene_la_cop_1/ene_la_cop_1" load="true"/>
	<unit path="units/pd2_dlc_rvd/characters/ene_la_cop_1/ene_la_cop_1_husk" load="true"/>	
	<material_config path="units/pd2_dlc_rvd/characters/ene_la_cop_1/ene_la_cop_1"/>
	<material_config path="units/pd2_dlc_rvd/characters/ene_la_cop_1/ene_la_cop_1_contour"/>	
	<object path="units/pd2_dlc_rvd/characters/ene_la_cop_1/ene_la_cop_1" />
	<model path="units/pd2_dlc_rvd/characters/ene_la_cop_1/ene_la_cop_1" />	
	<cooked_physics path="units/pd2_dlc_rvd/characters/ene_la_cop_1/ene_la_cop_1"/>	
	
	<!--LAPD Bronk Cop-->
	<unit path="units/pd2_dlc_rvd/characters/ene_la_cop_2/ene_la_cop_2" load="true"/>
	<unit path="units/pd2_dlc_rvd/characters/ene_la_cop_2/ene_la_cop_2_husk" load="true"/>	
	<material_config path="units/pd2_dlc_rvd/characters/ene_la_cop_2/ene_la_cop_2"/>
	<material_config path="units/pd2_dlc_rvd/characters/ene_la_cop_2/ene_la_cop_2_contour"/>	
	<object path="units/pd2_dlc_rvd/characters/ene_la_cop_2/ene_la_cop_2" />
	<model path="units/pd2_dlc_rvd/characters/ene_la_cop_2/ene_la_cop_2" />	
	<cooked_physics path="units/pd2_dlc_rvd/characters/ene_la_cop_2/ene_la_cop_2"/>	

	<!--LAPD Mosconi Cop-->
	<unit path="units/pd2_dlc_rvd/characters/ene_la_cop_3/ene_la_cop_3" load="true"/>
	<unit path="units/pd2_dlc_rvd/characters/ene_la_cop_3/ene_la_cop_3_husk" load="true"/>	
	<material_config path="units/pd2_dlc_rvd/characters/ene_la_cop_3/ene_la_cop_3"/>
	<material_config path="units/pd2_dlc_rvd/characters/ene_la_cop_3/ene_la_cop_3_contour"/>	
	<object path="units/pd2_dlc_rvd/characters/ene_la_cop_3/ene_la_cop_3" />
	<model path="units/pd2_dlc_rvd/characters/ene_la_cop_3/ene_la_cop_3" />	
	<cooked_physics path="units/pd2_dlc_rvd/characters/ene_la_cop_3/ene_la_cop_3"/>	

	<!--LAPD MP5 Cop-->
	<unit path="units/pd2_dlc_rvd/characters/ene_la_cop_4/ene_la_cop_4" load="true"/>
	<unit path="units/pd2_dlc_rvd/characters/ene_la_cop_4/ene_la_cop_4_husk" load="true"/>	
	<material_config path="units/pd2_dlc_rvd/characters/ene_la_cop_4/ene_la_cop_4"/>
	<material_config path="units/pd2_dlc_rvd/characters/ene_la_cop_4/ene_la_cop_4_contour"/>	
	<object path="units/pd2_dlc_rvd/characters/ene_la_cop_4/ene_la_cop_4" />
	<model path="units/pd2_dlc_rvd/characters/ene_la_cop_4/ene_la_cop_4" />	
	<cooked_physics path="units/pd2_dlc_rvd/characters/ene_la_cop_4/ene_la_cop_4"/>
	
	<!--Truth Runes Pattern-->
	<texture path="patterns/真_fv"/>

	<!-- bullet impact fixes-->
	<object path="units/pd2_dlc_mad/characters/ene_akan_cs_cop_ak47_ass/ene_akan_cs_cop_ak47_ass" force="true" />
	<material_config path="units/pd2_dlc_mad/characters/ene_akan_cs_cop_ak47_ass/ene_akan_cs_cop_ak47_ass" force="true" />
	<material_config path="units/pd2_dlc_mad/characters/ene_akan_cs_cop_ak47_ass/ene_akan_cs_cop_ak47_ass_contour" force="true" />
	
	<object path="units/pd2_dlc_mad/characters/ene_akan_cs_cop_r870/ene_akan_cs_cop_r870" force="true" />
	<material_config path="units/pd2_dlc_mad/characters/ene_akan_cs_cop_r870/ene_akan_cs_cop_r870" force="true" />
	<material_config path="units/pd2_dlc_mad/characters/ene_akan_cs_cop_r870/ene_akan_cs_cop_r870_contour" force="true" />
	
	<object path="units/pd2_dlc_mad/characters/ene_akan_cs_cop_akmsu_smg/ene_akan_cs_cop_akmsu_smg" force="true" />
	<material_config path="units/pd2_dlc_mad/characters/ene_akan_cs_cop_akmsu_smg/ene_akan_cs_cop_akmsu_smg" force="true" />
	<material_config path="units/pd2_dlc_mad/characters/ene_akan_cs_cop_akmsu_smg/ene_akan_cs_cop_akmsu_smg_contour" force="true" />
	
	<object path="units/pd2_dlc_mad/characters/ene_akan_cs_cop_asval_smg/ene_akan_cs_cop_asval_smg" force="true" />	
	<object path="units/pd2_dlc_mad/characters/ene_akan_cs_swat_ak47_ass/ene_akan_cs_swat_ak47_ass" force="true" />		
	<object path="units/pd2_dlc_mad/characters/ene_akan_cs_swat_sniper_svd_snp/ene_akan_cs_swat_sniper_svd_snp" force="true" />
	<object path="units/pd2_dlc_mad/characters/ene_akan_cs_swat_r870/ene_akan_cs_swat_r870" force="true" />		
	<object path="units/pd2_dlc_mad/characters/ene_akan_fbi_shield_sr2_smg/ene_akan_fbi_shield_sr2_smg" force="true" />	
	<object path="units/pd2_dlc_mad/characters/ene_akan_cs_heavy_ak47_ass/ene_akan_cs_heavy_ak47_ass" force="true" />	
	
	<!--Jarey's New Akan Shield-->		
    <unit path="units/pd2_dlc_mad/characters/ene_acc_shield_akan_shield/ene_acc_shield_akan" force="true" load="true"/>
	<model path="units/pd2_dlc_mad/characters/ene_acc_shield_akan_shield/ene_acc_shield_akan" force="true" />
	<cooked_physics path="units/pd2_dlc_mad/characters/ene_acc_shield_akan_shield/ene_acc_shield_akan" force="true" />
	<material_config path="units/pd2_dlc_mad/characters/ene_acc_shield_akan_shield/ene_acc_shield_akan" force="true" />
	<object path="units/pd2_dlc_mad/characters/ene_acc_shield_akan_shield/ene_acc_shield_akan" force="true" />
    <sequence_manager path="units/pd2_dlc_mad/characters/ene_acc_shield_akan_shield/ene_acc_shield_akan" force="true" />

	<unit path="units/pd2_dlc_mad/characters/ene_akan_cs_shield_c45/ene_akan_cs_shield_c45" force="true" load="true"/>
	<unit path="units/pd2_dlc_mad/characters/ene_akan_cs_shield_c45/ene_akan_cs_shield_c45_husk" force="true" load="true"/>
	<object path="units/pd2_dlc_mad/characters/ene_akan_cs_shield_c45/ene_akan_cs_shield_c45" force="true" />	
	
	<!--Akan Shield Acc Small-->
	<unit path="units/pd2_dlc_mad/characters/ene_acc_shield_akan_shield_small/ene_acc_shield_akan_small" load="false"/>
	<model path="units/pd2_dlc_mad/characters/ene_acc_shield_akan_shield_small/ene_acc_shield_akan_small" force="false"/>
	<object path="units/pd2_dlc_mad/characters/ene_acc_shield_akan_shield_small/ene_acc_shield_akan_small" force="false"/>
	<material_config path="units/pd2_dlc_mad/characters/ene_acc_shield_akan_shield_small/ene_acc_shield_akan_small" force="false"/>
	<cooked_physics path="units/pd2_dlc_mad/characters/ene_acc_shield_akan_shield_small/ene_acc_shield_akan_small" force="false"/>	
	
	<!--Fuck you. Here's your difficulty spike.-->
	<unit path="units/pd2_dlc_help/characters/ene_zeal_bulldozer_halloween/ene_zeal_bulldozer_halloween" load="true" force="true"/>
	<unit path="units/pd2_dlc_help/characters/ene_zeal_bulldozer_halloween/ene_zeal_bulldozer_halloween_husk" load="true" force="true"/>
	<material_config path="units/pd2_dlc_help/characters/ene_zeal_bulldozer_halloween/ene_zeal_bulldozer_halloween" load="true" force="true"/>
	<material_config path="units/pd2_dlc_help/characters/ene_zeal_bulldozer_halloween/ene_zeal_bulldozer_halloween_contour" load="true" force="true"/>
	<sequence_manager path="units/pd2_dlc_help/characters/ene_zeal_bulldozer_halloween/ene_zeal_bulldozer_halloween" force="true"/>
	
	<!--dumbass fucks at overkill made a typo-->
	<material_config path="units/pd2_dlc_hvh/characters/ene_sniper_hvh_2/ene_sniper_hvh_2_contour" force="true"/> 
	
	<!--weapon mods-->
	
	<!--flamethrower long barrel-->
	<texture path="units/mods/weapons/wpn_fps_fla_mk2_pts/smallnozzle_df"/>
	<texture path="units/mods/weapons/wpn_fps_fla_mk2_pts/longheat_df"/>
	<cooked_physics path="units/mods/weapons/wpn_fps_fla_mk2_pts/wpn_fps_fla_mk2_body_long"/>
	<model path="units/mods/weapons/wpn_fps_fla_mk2_pts/wpn_fps_fla_mk2_body_long"/>
	<object path="units/mods/weapons/wpn_fps_fla_mk2_pts/wpn_fps_fla_mk2_body_long"/>
	<unit path="units/mods/weapons/wpn_fps_fla_mk2_pts/wpn_fps_fla_mk2_body_long"/>
	<material_config path="units/mods/weapons/wpn_fps_fla_mk2_pts/wpn_fps_fla_mk2_body_long"/>
	<material_config path="units/mods/weapons/wpn_fps_fla_mk2_pts/wpn_fps_fla_mk2_body_long_cc"/>
	<material_config path="units/mods/weapons/wpn_fps_fla_mk2_pts/wpn_fps_fla_mk2_body_long_thq"/>
	<material_config path="units/mods/weapons/wpn_fps_fla_mk2_pts/wpn_fps_fla_mk2_body_long_cc_thq"/>

	<texture path="guis/dlcs/mods/textures/pd2/blackmarket/icons/mods/wpn_fps_fla_mk2_body_long"/>
</table>