<table name="PAYDAY 2 Hyper Heisting">
    <Localization directory="loc" default="en.txt"/>
    <HeistMusic id="insertcredit" directory="assets\music\insertcredit" volume="0.9">
        <event name="setup" start_source= "stealthintro.ogg" source="stealth.ogg"/>
        <event name="anticipation" start_source="anticipation.ogg" source="anticiloop.ogg"/>
        <event name="assault" start_source="assaultintro.ogg" source="assault.ogg" alt_source="assaultalt.ogg"/>
        <event name="control" start_source="controlintro.ogg" source="control.ogg"/>
    </HeistMusic>
    <Hooks directory="lua">
		<hook file="CoreScriptData.lua" source_file="core/lib/managers/coresequencemanager"/>	
    </Hooks>	
	<AddFiles file="hhmainassets.xml"/>
	<Package id="packages/hhalbaniancontent" file="albanianchontent.xml" use_clbk="self:LoadAlbAssets"/>
	<Package id="packages/akanassets" file="hhnewreapers.xml" use_clbk="self:DebugLoadAssets"/>	
	<Package id="packages/murkyassets" file="psc.xml" use_clbk="self:DebugLoadAssets"/>
	<Package id="packages/mexicoassets" file="bex.xml" use_clbk="self:DebugLoadAssets"/>	
	<Package id="packages/zombieassets" file="brains.xml" use_clbk="self:DebugLoadAssets"/>
	<Package id="packages/holyfuckingshitghosts" file="ghosts.xml" use_clbk="self:DebugLoadAssets"/>

	<!-- HERE BE THE SCRIPTSREPLACEMENTMODULE SEQMANZ TWEAKS -->
	<ScriptMods directory="scriptdata/characters">
		<!--normal bulldozers -->
		<mod file="dozersevil.xml" type="custom_xml" target_file="units/payday2/characters/ene_bulldozer_1/ene_bulldozer_1" target_type="sequence_manager" merge_mode="script_merge"/>				
		<mod file="dozersevil.xml" type="custom_xml" target_file="units/payday2/characters/ene_bulldozer_2/ene_bulldozer_2" target_type="sequence_manager" merge_mode="script_merge"/>				
		<mod file="dozersevil.xml" type="custom_xml" target_file="units/payday2/characters/ene_bulldozer_3/ene_bulldozer_3" target_type="sequence_manager" merge_mode="script_merge"/>				
		<mod file="dozersevil.xml" type="custom_xml" target_file="units/pd2_dlc_drm/characters/ene_bulldozer_minigun_classic/ene_bulldozer_minigun_classic" target_type="sequence_manager" merge_mode="script_merge"/>	

		<!--ZeaL bulldozers -->
		<mod file="dozersevil.xml" type="custom_xml" target_file="units/pd2_dlc_gitgud/characters/ene_zeal_bulldozer_3/ene_zeal_bulldozer_3" target_type="sequence_manager" merge_mode="script_merge"/>				
		<mod file="dozersevil.xml" type="custom_xml" target_file="units/pd2_dlc_gitgud/characters/ene_zeal_bulldozer_2/ene_zeal_bulldozer_2" target_type="sequence_manager" merge_mode="script_merge"/>				
		<mod file="dozersevil.xml" type="custom_xml" target_file="units/pd2_dlc_gitgud/characters/ene_zeal_bulldozer/ene_zeal_bulldozer" target_type="sequence_manager" merge_mode="script_merge"/>				
		<mod file="dozersevil.xml" type="custom_xml" target_file="units/pd2_dlc_drm/characters/ene_bulldozer_minigun/ene_bulldozer_minigun" target_type="sequence_manager" merge_mode="script_merge"/>				
		<mod file="dozersevil.xml" type="custom_xml" target_file="units/pd2_dlc_drm/characters/ene_bulldozer_medic/ene_bulldozer_medic" target_type="sequence_manager" merge_mode="script_merge"/>	
		
		<!-- russian bulldozers -->
		<mod file="dozersevil.xml" type="custom_xml" target_file="units/pd2_dlc_mad/characters/ene_akan_fbi_tank_r870/ene_akan_fbi_tank_r870" target_type="sequence_manager" merge_mode="script_merge"/>				
		<mod file="dozersevil.xml" type="custom_xml" target_file="units/pd2_dlc_mad/characters/ene_akan_fbi_tank_saiga/ene_akan_fbi_tank_saiga" target_type="sequence_manager" merge_mode="script_merge"/>				
		<mod file="dozersevil.xml" type="custom_xml" target_file="units/pd2_dlc_mad/characters/ene_akan_fbi_tank_rpk_lmg/ene_akan_fbi_tank_rpk_lmg" target_type="sequence_manager" merge_mode="script_merge"/>	
		<mod file="dozersevil.xml" type="custom_xml" target_file="units/pd2_dlc_mad/characters/ene_akan_dozer_mini/ene_akan_dozer_mini" target_type="sequence_manager" merge_mode="script_merge"/>	
		<mod file="dozersevil.xml" type="custom_xml" target_file="units/pd2_dlc_mad/characters/ene_akan_dozer_medic/ene_akan_dozer_medic" target_type="sequence_manager" merge_mode="script_merge"/>	
		
		<!--zombie bulldozers -->		
		<mod file="dozersevil.xml" type="custom_xml" target_file="units/pd2_dlc_hvh/characters/ene_bulldozer_hvh_1/ene_bulldozer_hvh_1" target_type="sequence_manager" merge_mode="script_merge"/>				
		<mod file="dozersevil.xml" type="custom_xml" target_file="units/pd2_dlc_hvh/characters/ene_bulldozer_hvh_2/ene_bulldozer_hvh_2" target_type="sequence_manager" merge_mode="script_merge"/>				
		<mod file="dozersevil.xml" type="custom_xml" target_file="units/pd2_dlc_hvh/characters/ene_bulldozer_hvh_3/ene_bulldozer_hvh_3" target_type="sequence_manager" merge_mode="script_merge"/>
		
		<!--murky bulldozers -->				
		<mod file="dozersevil.xml" type="custom_xml" target_file="units/pd2_mod_psc/characters/ene_murkywater_bulldozer_2/ene_murkywater_bulldozer_2" target_type="sequence_manager" merge_mode="script_merge"/>				
		<mod file="dozersevil.xml" type="custom_xml" target_file="units/pd2_mod_psc/characters/ene_murkywater_bulldozer_1/ene_murkywater_bulldozer_1" target_type="sequence_manager" merge_mode="script_merge"/>				
		<mod file="dozersevil.xml" type="custom_xml" target_file="units/pd2_mod_psc/characters/ene_murkywater_bulldozer_3/ene_murkywater_bulldozer_3" target_type="sequence_manager" merge_mode="script_merge"/>				
		<mod file="dozersevil.xml" type="custom_xml" target_file="units/pd2_mod_psc/characters/ene_murkywater_bulldozer_4/ene_murkywater_bulldozer_4" target_type="sequence_manager" merge_mode="script_merge"/>
		<mod file="dozersevil.xml" type="custom_xml" target_file="units/pd2_mod_psc/characters/ene_murkywater_bulldozer_medic/ene_murkywater_bulldozer_medic" target_type="sequence_manager" merge_mode="script_merge"/>
		
		<!--policia federal bulldozers -->				
		<mod file="dozersevil.xml" type="custom_xml" target_file="units/pd2_dlc_bex/characters/ene_swat_dozer_policia_federale_r870/ene_swat_dozer_policia_federale_r870" target_type="sequence_manager" merge_mode="script_merge"/>				
		<mod file="dozersevil.xml" type="custom_xml" target_file="units/pd2_dlc_bex/characters/ene_swat_dozer_policia_federale_saiga/ene_swat_dozer_policia_federale_saiga" target_type="sequence_manager" merge_mode="script_merge"/>				
		<mod file="dozersevil.xml" type="custom_xml" target_file="units/pd2_dlc_bex/characters/ene_swat_dozer_policia_federale_m249/ene_swat_dozer_policia_federale_m249" target_type="sequence_manager" merge_mode="script_merge"/>				
		<mod file="dozersevil.xml" type="custom_xml" target_file="units/pd2_dlc_bex/characters/ene_swat_dozer_policia_federale_minigun/ene_swat_dozer_policia_federale_minigun" target_type="sequence_manager" merge_mode="script_merge"/>
		<mod file="dozersevil.xml" type="custom_xml" target_file="units/pd2_dlc_bex/characters/ene_swat_dozer_medic_policia_federale/ene_swat_dozer_medic_policia_federale" target_type="sequence_manager" merge_mode="script_merge"/>
		
	</ScriptMods>

	<!-- THE long barrel for the flamethrower-->
	<WeaponMod id="wpn_fps_fla_mk2_body_long" inherit_adds="true" based_on="wpn_fps_fla_mk2_body" type="lower_reciever" unit="units/mods/weapons/wpn_fps_fla_mk2_pts/wpn_fps_fla_mk2_body_long" drop="false" texture_bundle_folder="mods" is_a_unlockable="true">
		<stats/>
		<weapons>
			<value_node value="wpn_fps_fla_mk2"/>
		</weapons>
		<pcs/>
	</WeaponMod>
</table>