<?xml version="1.0"?>
<tweaks>
    <!--damage_bullet-->
    <tweak name="settings/network" extension="network_settings">
        <search>
            <network/>
            <rpc/>
            <message name="damage_bullet"/>
            <param type="int" min="0" max="3" />
        </search>
        <target mode="attributes">
            <attr name="max" value="8"/>
        </target>
    </tweak>
	
    <!--damage_melee-->
    <tweak name="settings/network" extension="network_settings">
        <search>
            <network/>
            <rpc/>
            <message name="damage_melee"/>
            <param type="int" min="0" max="7" />
        </search>
        <target mode="attributes">
            <attr name="max" value="12"/>
        </target>
    </tweak>
	
    <!--damage_simple-->
    <tweak name="settings/network" extension="network_settings">
        <search>
            <network/>
            <rpc/>
            <message name="damage_simple"/>
            <param type="int" min="0" max="3" />
        </search>
        <target mode="attributes">
            <attr name="max" value="8"/>
        </target>
    </tweak>
	
    <!--damage_tase-->
    <tweak name="settings/network" extension="network_settings">
        <search>
            <network/>
            <rpc/>
            <message name="damage_tase"/>
            <param type="int" min="0" max="1" />
        </search>
        <target mode="attributes">
            <attr name="max" value="4"/>
        </target>
    </tweak>
	
	<!--damage_explosion_stun-->
	<tweak name="settings/network" extension="network_settings">
        <search>
            <network/>
            <rpc/>
            <message name="damage_explosion_stun"/>
            <param type="int" min="1" max="8" />
        </search>
        <target mode="attributes">
            <attr name="min" value="0"/>
        </target>
    </tweak>
	
	<!--damage_explosion_fire-->
	<tweak name="settings/network" extension="network_settings">
        <search>
            <network/>
            <rpc/>
            <message name="damage_explosion_fire"/>
            <param type="int" min="1" max="8" />
        </search>
        <target mode="attributes">
            <attr name="min" value="0"/>
        </target>
    </tweak>
	
	<tweak name="settings/network" extension="network_settings">
        <search>
            <network/>
            <rpc/>
            <message name="reload_weapon"/>
        </search>
        <target mode="attributes">
            <attr name="delivery" value="ordered"/>
        </target>
    </tweak>
	
	<tweak name="settings/network" extension="network_settings">
        <search>
            <network/>
            <rpc/>
            <message name="reload_weapon_interupt"/>
        </search>
        <target mode="attributes">
            <attr name="delivery" value="ordered"/>
        </target>
    </tweak>
	
	<tweak name="settings/network" extension="network_settings">
        <search>
            <network/>
            <rpc/>
            <message name="shot_blank"/>
        </search>
        <target mode="attributes">
            <attr name="delivery" value="ordered"/>
        </target>
    </tweak>
	
	<tweak name="settings/network" extension="network_settings">
        <search>
            <network/>
            <rpc/>
            <message name="sync_underbarrel_switch"/>
        </search>
        <target mode="attributes">
            <attr name="delivery" value="ordered"/>
        </target>
    </tweak>
	
	<tweak name="settings/network" extension="network_settings">
        <search>
            <network/>
            <rpc/>
            <message name="sync_smoke_grenade"/>
        </search>
        <target mode="attributes">
            <attr name="delivery" value="ordered"/>
        </target>
    </tweak>
	
	<tweak name="settings/network" extension="network_settings">
        <search>
            <network/>
            <rpc/>
            <message name="sync_smoke_grenade_kill"/>
        </search>
        <target mode="attributes">
            <attr name="delivery" value="ordered"/>
        </target>
    </tweak>
	
	<tweak name="settings/network" extension="network_settings">
        <search>
            <network/>
            <rpc/>
            <message name="sync_cs_grenade"/>
        </search>
        <target mode="attributes">
            <attr name="delivery" value="ordered"/>
        </target>
    </tweak>
	
	<tweak name="settings/network" extension="network_settings">
        <search>
            <network/>
            <rpc/>
            <message name="sync_cs_grenade_kill"/>
        </search>
        <target mode="attributes">
            <attr name="delivery" value="ordered"/>
        </target>
    </tweak>
	
	<tweak name="settings/network" extension="network_settings">
        <search>
            <network/>
            <rpc/>
            <message name="sync_medic_heal"/>
        </search>
        <target mode="attributes">
            <attr name="delivery" value="ordered"/>
        </target>
    </tweak>
	
	<tweak name="settings/network" extension="network_settings">
        <search>
            <network/>
            <rpc/>
            <message name="set_look_dir"/>
        </search>
        <target mode="attributes">
            <attr name="delivery" value="ordered"/>
        </target>
    </tweak>

	<!--colour grading-->
	<tweak version="2" name="core/shaders/post_processor" extension="post_processor">
		<search>
			<?xml version="1.0" encoding="utf-8" ?>
			<post_processor/>
		</search>

		<target mode="attach">
			
			<effect name="color_rvsb">
				<combiner src_respect_viewport="false" dst_respect_viewport="false" diffuse_texture="low_target_6" dst="lut_target" render_template="post_color_grading_prepare" material="cg_rvsb" scriptable="lut_settings"/>
				<combiner diffuse_texture="bb" self_illumination_texture="lut_target" dst="back_buffer" render_template="post_color_grading" material="cg_rvsb" scriptable="lut_settings"/>
			</effect>

		</target>
	</tweak>

	<tweak version="2" name="core/shaders/post_processor" extension="post_processor">
		<search>
			<?xml version="1.0" encoding="utf-8" ?>
			<post_processor/>
			<materials/>
		</search>

		<target mode="attach">
			
			<material name="cg_rvsb">
				<variable name="LUT_settings_a" type="vector3" value="0 0 0"/>
				<variable name="LUT_settings_b" type="vector3" value="0 0 0"/>
				<variable name="contrast" type="scalar" value="0"/>
				<reflection_texture file="core/textures/cg_he"/>
				<filter_color_texture file="core/textures/cg_rvsb"/>
			</material>
		
		</target>
	</tweak>
	
	<tweak version="2" name="core/shaders/deferred_post_processor" extension="post_processor">
        <search>
			<?xml version="1.0" encoding="utf-8" ?>
			<post_processor/>
			<materials config_name="deferred_processor"/>
			<material name="global_lighting"/>
        </search>
        <target>
            <reflection_texture type="cubemap" global_texture="current_global_texture"/>
        </target>
    </tweak>
	
</tweaks>
